name,hex
8Bit Eggplant,#990066
Abbey,#4c4f56
Abbey Stone,#aba798
Absinthe Green,#76b583
Abyss,#8f9e9d
Acacia,#dacd65
Acadia,#35312c
Acai,#46295a
Acapulco,#75aa94
Acid Lime,#badf30
Acorn,#7e5e52
Adobe,#a3623b
Adobe Rose,#ba9f99
Adriatic Blue,#5c899b
Aegean Blue,#4e6e81
Aero Blue,#c0e8d5
Aerospace Orange,#ff4f00
Affair,#745085
Affrican Mahogany,#cd4a4a
Afghan Tan,#905e26
African Violet,#b085b7
After Dark,#3c3535
Afterglow,#f3e6c9
Afternoon Sky,#87ceeb
Agate Gray,#b1b09f
Agate Green,#599f99
Agave Green,#6b7169
Aggressive Baby Blue,#6fffff
Air Blue,#77acc7
Air Force Blue (Raf),#5d8aa8
Air Force Blue (Usaf),#00308f
Air Superiority Blue,#72a0c1
Airy Blue,#92b6d5
Akaroa,#beb29a
Alabama Crimson,#a32638
Alabaster,#f2f0e6
Alabaster Gleam,#f0debd
Alaskan Blue,#6da9d2
Albanian Red,#cc0001
Albescent White,#e1dacb
Alert Tan,#954e2c
Alesan,#f1ceb3
Aleutian,#9a9eb3
Alfalfa,#b7b59f
Algae Green,#93dfb8
Algen Gerne,#479784
Algiers Blue,#00859c
Alhambra,#008778
Alice Blue,#f0f8ff
Alizarin,#e34636
Alizarin Crimson,#e32636
Alloy,#98979a
Alloy Orange,#c46210
Allports,#1f6a7d
Allure,#7291b4
Almond,#eed9c4
Almond Blossom,#f5bec7
Almond Buff,#ccb390
Almond Cream,#f4c29f
Almond Frost,#9a8678
Almond Milk,#d6cebe
Almond Oil,#f4efc1
Almondine,#a78c8b
Almost Apricot,#e5b39b
Almost Aqua,#cad3c1
Almost Mauve,#e7dcd9
Aloe,#817a60
Aloe Wash,#d0d3b7
Alpine,#ad8a3b
Alpine Green,#005f56
Alto,#cdc6c5
Aluminium,#848789
Aluminum,#a9a0a9
Amaranth,#e52b50
Amaranth Purple,#6a397b
Amazon,#387b54
Amber,#ffbf00
Amber (Sae/Ece),#ff7e00
Amber Brown,#a66646
Amber Gold,#c19552
Amber Green,#9a803a
Amber Yellow,#fab75a
Amberglow,#dc793e
Amberlight,#e2bea2
Ambrosia,#d2e7ca
American Beauty,#a73340
American Rose,#ff033e
Americano,#8a7d72
Amethyst,#96c
Amethyst Ganzstar,#8f00ff
Amethyst Orchid,#926aa6
Amethyst Smoke,#95879c
Amour,#f5e6ea
Amparo Blue,#4960a8
Amphora,#9f8672
Amulet,#7d9d72
Anakiwa,#8cceea
Ancient Yellow,#efcc00
Andorra,#603535
Android Green,#a4c639
Anemone,#842c48
Angel Blue,#83c5cd
Angel Falls,#a3bdd3
Angel Wing,#f3dfd7
Angora,#dfd1bb
Anise Flower,#f4e3b5
Antarctica,#c6c5c6
Antelope,#b19664
Anthracite,#28282d
Anti Rainbow Gray,#bebebe
Anti-Flash White,#f2f3f4
Antiqua Sand,#83c2cd
Antique Brass,#6c461f
Antique Bronze,#704a07
Antique Fuchsia,#915c83
Antique Gold,#b59e5f
Antique Green,#29675c
Antique Moss,#b9a023
Antique Ruby,#841b2d
Antique White,#faebd7
Antler,#957a76
Anzac,#c68e3f
Ao (English),#00800c
Apache,#d3a95c
Apple,#66b348
Apple Blossom,#a95249
Apple Butter,#844b4d
Apple Cinnamon,#b0885a
Apple Green,#8db600
Appleblossom,#ddbca0
Apricot,#fbceb1
Apricot Blush,#feaea5
Apricot Brandy,#c26a5a
Apricot Buff,#cd7e4d
Apricot Cream,#f1bd89
Apricot Gelato,#f5d7af
Apricot Ice,#fbbe99
Apricot Illusion,#e2c4a6
Apricot Nectar,#ecaa79
Apricot Orange,#c86b3c
Apricot Sherbet,#facd9e
Apricot Tan,#dd9760
Apricot Wash,#fbac82
Apricot White,#f7f0db
Aqua,#0ff
Aqua Deep,#014b43
Aqua Foam,#adc3b4
Aqua Forest,#5fa777
Aqua Glass,#d2e8e0
Aqua Gray,#a5b2aa
Aqua Green,#00b89f
Aqua Haze,#d9ddd5
Aqua Island,#a1dad7
Aqua Sea,#6baaae
Aqua Sky,#7bc4c4
Aqua Splash,#85ced1
Aqua Spring,#e8f3e8
Aqua Squeeze,#dbe4dc
Aquamarine,#7fffd4
Aquamarine Blue,#71d9e2
Aquarelle,#61aab1
Aquarium Blue,#66cdaa
Aquarius,#3cadd4
Aquatic,#99c1cc
Aquifer,#89acac
Arabesque,#d16f52
Arabian Spice,#884332
Aragon,#b06455
Arapawa,#274a5d
Arcadia,#00a28a
Arcadian Green,#a3c893
Arctic,#648589
Arctic Dusk,#735b6a
Arctic Ice,#bfc7d6
Argan Oil,#8b593e
Argyle Purple,#895c79
Armadillo,#484a46
Army Green,#4b5320
Arona,#879ba3
Arrowtown,#827a67
Arrowwood,#bc8d1f
Arsenic,#3b444b
Artichoke Green,#4b6d41
Artificial Strawberry,#ff43a4
Artisans Gold,#f2ab46
Aruba Blue,#81d7d3
Arylide Yellow,#e9d66b
Ash,#bebaa7
Ash Grey,#b2beb5
Ash Rose,#b5817d
Ash to Ash,#4e4e4c
Ashes Of Roses,#b5acab
Ashley Blue,#8699ab
Asparagus,#7ba05b
Asparagus Green,#d2cdb4
Aspen Gold,#ffd662
Aspen Green,#7e9b76
Asphalt,#130a06
Aster Purple,#7d74a8
Astra,#edd5a6
Astral,#376f89
Astral Aura,#363151
Astronaut,#445172
Astronaut Blue,#214559
Athens Gray,#eef0f3
Athens Grey,#dcdddd
Aths Special,#d5cbb2
Atlantic Deep,#274e55
Atlantis,#9cd03b
Atmosphere,#a89c94
Atoll,#2b797a
Atomic,#3d4b52
Atomic Pink,#fb7efd
Atomic Tangerine,#f96
Au Chico,#9e6759
Aubergine,#372528
Auburn,#712f2c
Aura Orange,#b4262a
Aureolin,#fdee00
Aurometalsaurus,#6e7f80
Aurora,#eddd59
Aurora Pink,#e881a6
Aurora Red,#b93a32
Australian Mint,#eff8aa
Automn Pine Green,#158078
Automn Wisteria,#c9a0dc
Autumn Blaze,#d9922e
Autumn Blonde,#eed0ae
Autumn Glaze,#b3573f
Autumn Glory,#ff8812
Autumn Leaf,#b56a4c
Autumn Maple,#c46215
Autumn Sunset,#f38554
Autumnal,#a15325
Avocado,#568203
Axolotl,#63775a
Azalea,#f9c0c4
Azalea Pink,#e96a97
Aztec,#293432
Azure,#007fff
Azure Blue,#4d91c6
Azure Mist/Web,#f0ffff
Azure Radiance,#007f1f
Baby Blue,#89cff0
Baby Blue Eyes,#a1caf1
Baby Pink,#f4c2c2
Bachelor Button,#4abbd5
Bahama Blue,#25597f
Bahia,#a9c01c
Baja Blue,#5f6db0
Baja White,#fff8d1
Baked Apple,#b34646
Baked Clay,#9c5642
Baker's Chocolate,#5c3317
Baleine Blue,#155187
Bali Hai,#849ca9
Ball Blue,#21abcd
Ballad Blue,#c0ceda
Ballerina,#f2cfdc
Ballet Slipper,#ebced5
Balsam,#33565e
Balsam Green,#576664
Baltic,#279d9f
Baltic Sea,#3c3d3e
Bamboo,#da6304
Banana,#fffc79
Banana Cream,#ffcf73
Banana Crepe,#e7d3ad
Banana Mania,#fbe7b2
Banana Yellow,#ffe135
Banana Yogurt,#fae7b5
Bandicoot,#878466
Barbados Cherry,#aa0a27
Barberry,#d2c61f
Barely Blue,#dde0df
Barely Pink,#f8d7dd
Bark,#a99592
Barley Corn,#b6935c
Barley White,#f7e5b7
Barn Red,#7c0a02
Baroque Rose,#b35a66
Barossa,#452e39
Barrier Reef,#0084a1
Basil,#879f84
Bastille,#2c2c32
Bath Bubbles,#e6f2ea
Baton Rouge,#973c6c
Battleship Gray,#828f72
Battleship Grey,#848482
Bay,#bae5d6
Bay Leaf,#7bb18d
Bay Of Many,#353e64
Bayberry,#255958
Bayou,#20706f
Bazaar,#8f7777
Beach Glass,#96dfce
Beach Sand,#fbb995
Beau Blue,#bcd4e6
Beaujolais,#80304c
Beauty Bush,#ebb9b3
Beaver,#926f5b
Beaver Fur,#997867
Beaver Kit,#9f8170
Bee Yellow,#fefe33
Beech,#5b4f3b
Beechnut,#c2c18d
Beeswax,#e9d7ab
Beet Red,#7a1f3d
Beetle,#55584c
Beetroot Purple,#cf2d71
Begonia Pink,#ec9abe
Beige,#f5f5dc
Bel Air Blue,#819ac1
Belgian Block,#a3a9a6
Bellflower,#9469a2
Bellini,#f4c9b1
Beluga,#4a4843
Bering Sea,#4b5b6e
Bermuda,#86d2c1
Bermuda Gray,#6b8ba2
Bermuda Grey,#6f8c9f
Berry Conserve,#765269
Beryl Green,#bcbfa8
Beveled Glass,#7accb8
Bianca,#f4efe0
Big Dip O’Ruby,#9c2542
Big Stone,#334046
Bijou Blue,#4e5e7f
Biking Red,#77212e
Bilbao,#3e8027
Billiard,#00aa92
Billowing Sail,#d8e7e7
Biloba Flower,#ae99d2
Birch,#3f3726
Bird Flower,#d0c117
Bird Of Paradise,#ff8c55
Birds Egg Green,#aaccb9
Birght Chartreuse,#dfff11
Biscay,#2f3c53
Biscay Bay,#097988
Biscay Green,#55c6a9
Biscotti,#dac7ab
Biscuit,#b4835b
Bismark,#486c7a
Bison,#6e4f3a
Bison Hide,#b5ac94
Bisque,#ffe4c4
Bistre,#3d2b1f
Bistro Green,#395551
Bit Of Blue,#e2eaeb
Bitter,#88896c
Bitter Chocolate,#9e5b40
Bitter Lemon,#d2db32
Bittersweet,#fe6f5e
Bittersweet Shimmer,#bf4f51
Bizarre,#e7d2c8
Black,#000000
Black Bean,#232e26
Black Beauty,#26262a
Black Coffee,#3b302f
Black Forest,#2c3227
Black Haze,#e0ded7
Black Ink,#44413c
Black Iris,#2b3042
Black Leather Jacket,#253529
Black Magic,#332c22
Black Marlin,#383740
Black Metal,#060606
Black Olive,#3b3c36
Black Onyx,#2b272b
Black Pearl,#1e272c
Black Plum,#6c5765
Black Rock,#2c2d3c
Black Rose,#532934
Black Russian,#24252b
Black Squeeze,#e5e6df
Black White,#e5e4db
Blackberry,#43182f
Blackberry Cordial,#3f2a47
Blackberry Wine,#4d3246
Blackcurrant,#2e183b
Blackened Pearl,#4d4b50
Blanc,#d9d0c1
Blanc De Blanc,#e7e9e7
Blanched Almond,#ffebcd
Blarney,#00a776
Blast-Off Bronze,#a57164
Blaze Orange,#fe6700
Blazing Orange,#ffa64f
Blazing Yellow,#fee715
Bleach White,#ebe1ce
Bleached Apricot,#fccaac
Bleached Aqua,#bce3df
Bleached Cedar,#2c2133
Bleached Denim,#646f9b
Bleached Grey,#788878
Bleached Sand,#daccb4
Bleu Ciel,#007ba1
Bleu De France,#318ce7
Blithe,#0084bd
Blizzard Blue,#a3e3ed
Blond,#faf0be
Blooming Dahlia,#eb9687
Blossom,#dfb1b6
Blue,#0000ff
Blue (Crayola),#1f75ff
Blue (Munsell),#0093af
Blue (Ncs),#0087bd
Blue (Pigment),#339
Blue (Ryb),#0247fe
Blue Ashes,#3b5f78
Blue Aster,#0077b3
Blue Atoll,#00b1d2
Blue Bayoux,#62777e
Blue Bell,#9999cc
Blue Blush,#d6dbd9
Blue Bonnet,#6384b8
Blue Chalk,#e3d6e9
Blue Charcoal,#262b2f
Blue Chill,#408f90
Blue Coral,#1b5366
Blue Curacao,#32becc
Blue Danube,#0087b6
Blue Depths,#263056
Blue Diamond,#4b2d72
Blue Dianne,#35514f
Blue Flower,#d0d9d4
Blue Fog,#9babbb
Blue Fox,#b9bcb6
Blue Gem,#4b3c8e
Blue Glass,#c6e3e1
Blue Glow,#b2d4dd
Blue Granite,#717388
Blue Graphite,#323137
Blue Grass,#007c7a
Blue Gray,#69c
Blue Green,#199ebd
Blue Grotto,#5cacce
Blue Haze,#bdbace
Blue Heaven,#5b7e98
Blue Heron,#96a3c7
Blue Horizon,#4e6482
Blue Ice,#70789b
Blue Indigo,#49516d
Blue Iris,#5a5b9f
Blue Jewel,#007baa
Blue Lagoon,#00626f
Blue Light,#acdfdd
Blue Marguerite,#6a5bb1
Blue Martina,#1fcecb
Blue Mirage,#5c6d7c
Blue Mist,#5bacc3
Blue Moon,#3686a0
Blue Nights,#363b48
Blue Opal,#0f3b57
Blue Radiance,#58c9d4
Blue Ribbon,#0066ff
Blue Romance,#d8f0d2
Blue Sapphire,#126180
Blue Shadow,#66829a
Blue Smoke,#78857a
Blue Spruce,#486b67
Blue Stone,#166461
Blue Surf,#90a8a4
Blue Tint,#9fd9d7
Blue Topaz,#78bdd4
Blue Turquoise,#53b0ae
Blue Violet,#324ab2
Blue Whale,#1e3442
Blue Wing Teal,#2c4053
Blue Yonder,#5a77a8
Blue Zodiac,#3c4354
Blue-Green,#0d98ba
Blue-Violet,#8a2be2
Blueberry,#0433ff
Bluebird,#009dae
Bluejay,#157ea0
Blueprint,#2d3359
Bluesteel,#35637c
Bluestone,#577284
Bluewash,#e2e6e0
Blumine,#305c71
Blush,#b55067
Blush Pink,#ff6fff
Blushing Bride,#fbd3d9
Boa,#8e855f
Bodacious,#b76ba3
Bog,#bab696
Bok Choy,#bccab3
Bokara Gray,#2a2725
Bole,#79443b
Bombay,#aeaead
Bombay Brown,#9f5130
Bon Jour,#dfd7d2
Bondi Blue,#0095b6
Bone,#e3dac9
Bone Brown,#9d7446
Bone White,#d7d0c0
Bonnie Blue,#539ccc
Bood Red,#c40233
Bordeaux,#4c1c24
Bosphorus,#007558
Bossa Nova,#973a36
Bossanova,#4c3d4e
Boston Blue,#438eac
Boston University Red,#c00
Botanical Garden,#12403c
Botticelli,#92acb4
Bottle Green,#006a4e
Bougainvillea,#9884b9
Boulder,#7c817c
Bouquet,#a78199
Bourbon,#af6c3e
Boysenberry,#873260
Bracken,#5b3d27
Bran,#a66e4a
Brandeis Blue,#0070ff
Brandied Apricot,#ca848a
Brandied Melon,#ce7b5b
Brandy,#dcb68a
Brandy Brown,#73362a
Brandy Punch,#c07c40
Brandy Rose,#b6857a
Brass,#b5a642
Brazilian Sand,#dacab7
Breaker Bay,#517b78
Breen,#795d34
Brick Dust,#b07069
Brick Red,#c62d42
Bridal Blush,#eee2dd
Bridal Heath,#f8ebdd
Bridal Rose,#d69fa2
Bridesmaid,#fae6df
Bright Aqua,#30a299
Bright Camouflage,#1cac78
Bright Cerulean,#1dacd6
Bright Chartreuse,#b5bf50
Bright Cobalt,#385d8d
Bright Gold,#cf9f52
Bright Gray,#57595d
Bright Greek,#3844f4
Bright Green,#6f0
Bright Khaki,#f0e68c
Bright Lavender,#bf94e4
Bright Lime Green,#97bc62
Bright Manatee,#979aaa
Bright Marigold,#ff8d00
Bright Maroon,#c32148
Bright Midnight,#011993
Bright Midnight Blue,#1a4876
Bright Navy Blue,#1974d2
Bright Orange,#ff7034
Bright Pink,#ff007e
Bright Red,#922a31
Bright Rose,#c51959
Bright Sea Green,#9fe2bf
Bright Sienna,#d68a59
Bright Sun,#ecbd2c
Bright Turquoise,#08e8de
Bright Ube,#d19fe8
Bright Umber,#826644
Bright Violet,#784384
Bright White,#f4f5f0
Brilliant Blue,#0075b3
Brilliant Lavender,#f4bbff
Brilliant Rose,#ff55a3
Brilliant White,#edf1fe
Brindle,#82776b
Brink Pink,#fb607f
Bristol Blue,#558f91
British Racing Green,#004225
British Rose,#f4c8db
Brittany Blue,#4c7e86
Bronco,#a79781
Bronze,#cd7f32
Bronze Brown,#825e2f
Bronze Green,#525f48
Bronze Mist,#9c7e41
Bronze Olive,#584c25
Bronzetone,#434c28
Brook Green,#afddcc
Broom,#eecc24
Brother Blue,#b0b7c6
Brown,#a52a2a
Brown (Traditional),#964b00
Brown Bramble,#53331e
Brown Derby,#594537
Brown Patina,#834f3d
Brown Pod,#3c241b
Brown Rice,#c7bba4
Brown Rust,#af593e
Brown Stone,#593c39
Brown Sugar,#a17249
Brown Tumbleweed,#37290e
Brown Wood,#b4674d
Brownie,#8f7265
Brunette,#664238
Brunnera Blue,#9ba9ca
Bruschetta,#a75949
Brush,#b99984
Brushed Nickel,#73706f
Bubble Gum,#ffc1cc
Bubblegum,#ff85ff
Bubbles,#e7feff
Buccaneer,#6e5150
Buckskin,#d18e54
Buckthorn Brown,#a76f1f
Bud,#a5a88f
Bud Green,#79b465
Buddha Gold,#bc9b1b
Buff,#f0dc82
Buff Orange,#ffbb7c
Buff Yellow,#f1bf70
Buffed Copper,#dd9475
Bulgarian Rose,#480607
Bull Shot,#75442b
Bungee Cord,#696156
Bunker,#292c2f
Bunting,#2b3449
Burgundy,#800020
Burlwood,#9b716b
Burlywood,#deb887
Burnham,#234537
Burning Orange,#ff7124
Burning Sand,#d08363
Burnished Gold,#aa9855
Burnished Lilac,#c5aeb1
Burnt Brick,#a14d3a
Burnt Coral,#e9897e
Burnt Crimson,#582124
Burnt Henna,#7e392f
Burnt Maroon,#420303
Burnt Ochre,#bb4f35
Burnt Olive,#646049
Burnt Orange,#c50
Burnt Russet,#7e3940
Burnt Sienna,#e97451
Burnt Umber,#8a3324
Burro,#947764
Bush,#0d2e1c
Buttercream,#efe0cd
Buttercup,#da9429
Buttered Rum,#9d702e
Butterfly,#cadea5
Butterfly Bush,#68578c
Buttermilk,#f6e0a4
Butternut,#7a643f
Butterscotch,#e19640
Butterum,#c68f65
Buttery White,#f1ebda
Byzantine,#bd33a4
Byzantium,#702963
Cab Sav,#4a2e32
Cabaret,#cd526c
Cabbage,#87d7be
Cabbage Pont,#4c5544
Cabernet,#64242e
Cactus,#5b6f55
Cactus Flower,#a83e6c
Cadet,#536872
Cadet Blue,#5f9ea0
Cadet Grey,#91a3b0
Cadillac,#984961
Cadmium Green,#006b3c
Cadmium Orange,#ed872d
Cadmium Red,#e30022
Cadmium Yellow,#fff600
Café Au Lait,#a67b5b
Cafe Creme,#c79685
Café Noir,#4b3621
Café Renversé,#ae8774
Cafe Royale,#6a4928
Cal Poly Green,#1e4d2b
Calico,#d5b185
California,#e98c3a
Calla Green,#6a6f34
Calliste Green,#757a4e
Calypso,#3d7188
Calypso Coral,#ee5c6c
Camarone,#206937
Cambridge Blue,#a3c1ad
Camel,#c19a6b
Camellia,#f6745f
Camellia Rose,#eb6081
Camelot,#803a4b
Cameo,#cca483
Cameo Blue,#769da6
Cameo Brown,#c08a80
Cameo Green,#aac0ad
Cameo Pink,#efbbcc
Cameo Rose,#d7b8ab
Camouflage,#3c3910
Camouflage Green,#78866b
Campanula,#3272af
Can Can,#d08a9b
Canal Blue,#9cc2c5
Canary,#ffff99
Canary Green,#d6dec9
Canary Yellow,#ffdf01
Candied Ginger,#bfa387
Candlelight,#fcd917
Candlelight Peach,#f8a39d
Candy Apple Red,#ff0800
Candy Bar,#ffb7d5
Candy Corn,#fcfc5d
Candy Pink,#e4717a
Caneel Bay,#00849f
Cannoli Cream,#f0efe2
Cannon Black,#251706
Cannon Pink,#8e5164
Cantalope,#ffd479
Cantaloupe,#ffa177
Canteen,#5e5347
Canton,#6da29e
Canyon Clay,#ce8477
Canyon Rose,#af6c67
Canyon Sunset,#e1927a
Cape Cod,#4e5552
Cape Honey,#fee0a5
Cape Palliser,#75482f
Caper,#afc182
Capers,#695e4b
Cappuccino,#633f33
Capri,#00bfff
Capri Breeze,#008799
Captains Blue,#557088
Capulet Olive,#656344
Caput Mortuum,#592720
Carafe,#5d473a
Caramel,#ffd59a
Caramel Cafe,#864c24
Caramel Cream,#f4ba94
Cararra,#ebe5d5
Carbon,#272f38
Cardin Green,#1b3427
Cardinal,#c41e3a
Cardinal Pink,#8c055e
Careys Pink,#c99aa0
Caribbean Green,#0c9
Caribbean Sea,#00819d
Caribou,#816d5e
Carissma,#e68095
Carla,#f5f9cb
Carmine,#960018
Carmine (M&P),#d70040
Carmine Pink,#eb4c42
Carmine Red,#ff0038
Carmine Rose,#e35b8f
Carnaby Tan,#5b3a24
Carnation,#ff8ad8
Carnation Pink,#ffaacc
Carnelian,#b31b1b
Carob Brown,#855c4c
Carolina Blue,#99badd
Carousel Pink,#f8dbe0
Carrot,#fd6f3b
Carrot Curl,#fe8c18
Carrot Orange,#ed9121
Casablanca,#f0b253
Casal,#3f545a
Cascade,#8ca8a0
Cashew,#a47149
Cashmere,#d1b399
Cashmere Blue,#a5b8d0
Cashmere Rose,#ce879f
Casper,#aab5b8
Castle Wall,#c8c1ab
Castlerock,#5f5e62
Castor Gray,#646762
Castro,#44232f
Catalina Blue,#062a78
Catawba Grape,#5d3c43
Cathay Spice,#99642c
Catskill White,#e0e4dc
Cavern Pink,#e0b8b1
Caviar,#292a2d
Cayenne,#941100
Ce Soir,#9271a7
Cedar,#463430
Cedar Green,#5e6737
Cedar Wood,#a1655b
Cedar Wood Finish,#711a00
Ceil,#92a1cf
Celadon,#ace1af
Celadon Blue,#007ba7
Celadon Green,#2f847c
Celadon Tint,#cbcebe
Celandine,#ebdf67
Celery,#b4c04c
Celery Green,#c5cc7b
Celeste,#d2d2c0
Celeste (Colour),#b2ffff
Celestial,#006380
Celestial Blue,#4997d0
Cello,#3a4e5f
Celosia Orange,#e8703a
Celtic,#2b3f36
Cement,#857158
Cendre Blue,#3e7fa5
Ceramic,#fcfff9
Cerise,#a41247
Cerise Pink,#ec3b83
Cerise Red,#de3163
Cerulean,#1dacd1
Cerulean Blue,#2a52be
Cerulean Frost,#6d9bc3
Ceylon Yellow,#d4ae40
Cg Blue,#007aa5
Cg Red,#e03c31
Chablis,#fde9e0
Chai Tea,#b1832f
Chalet Green,#5a6e41
Chalk Blue,#ccdad7
Chalk Pink,#e6c5ca
Chalk Violet,#8f7da5
Chalky,#dfc281
Chambray,#475877
Chambray Blue,#9eb4d3
Chamois,#e8cd9a
Chamoisee,#a0785a
Chamomile,#e8d0a7
Champagne,#eed9b6
Chanterelle,#a28776
Chantilly,#edb8c7
Charade,#394043
Charcoal,#36454f
Charcoal Gray,#6c6868
Chardon,#f8eadf
Chardonnay,#ffc878
Charisma,#632a60
Charlock,#e5e790
Charlotte,#a4dce6
Charm,#d0748b
Charm Pink,#e68fac
Chartreuse,#7fff00
Chartreuse Yellow,#dfff00
Chateau Gray,#bbb1a8
Chateau Green,#419f59
Chateau Rose,#d2738f
Chatelle,#b3abb6
Chathams Blue,#2c5971
Che Guevara Red,#ee204d
Cheesecake,#fffcee
Chelsea Cucumber,#88a95b
Chelsea Gem,#95532f
Chenin,#dec371
Cherokee,#f5cd82
Cherries Jubilee,#a22452
Cherry,#df3163
Cherry Blossom,#f7cee0
Cherry Blossom Pink,#ffb7c5
Cherry Lolly,#c8385a
Cherry Mahogany,#66352b
Cherry Pie,#372d52
Cherry Tomato,#f2003c
Cherrywood,#651a14
Cherub,#f5d7dc
Chestnut,#b94e41
Chestnut Rose,#cd5252
Chetwode Blue,#666fb4
Chicago,#5b5d56
Chicory Coffee,#4a342e
Chiffon,#f0f5bb
Chilean Fire,#d05e34
Chilean Heath,#f9f7de
Chili,#be5141
Chili Oil,#8e3c36
Chili Pepper,#9b1b30
China Blue,#546477
China Ivory,#fbf3d3
China Pink,#de6fa1
China Rose,#a8516e
Chinchilla,#9c8e7b
Chinese Red,#aa381e
Chinese Violet,#835e81
Chino,#b8ad8a
Chino Green,#d9caa5
Chinois Green,#7c8c87
Chinook,#9dd3a8
Chintz Rose,#eec4be
Chipmunk,#976f4c
Chive,#4a5335
Chive Blossom,#7d5d99
Chocolate,#df691e
Chocolate (Traditional),#7b3f00
Chocolate Brown,#4e403b
Chocolate Chip,#685a4e
Chocolate Fondant,#56352d
Chocolate Lab,#5c3e35
Chocolate Plum,#3c2d2e
Chocolate Torte,#382e2d
Chocolate Truffle,#612e35
Christalle,#382161
Christi,#71a91d
Christine,#bf652e
Chrome White,#cac7b7
Chrome Yellow,#ffa700
Chrysanthemum,#be454f
Chutney,#98594b
Cigar,#7d4e38
Cilantro,#43544b
Cinder,#242a2e
Cinderella,#fbd7cc
Cinereous,#98817b
Cinnabar,#e34234
Cinnamon,#d26911
Cinnamon Stick,#9b4722
Cioccolato,#5d3b2e
Citadel,#748995
Citrine,#e4d00a
Citrine White,#faf7d6
Citron,#8e9a21
Citronelle,#b8af23
Citrus,#9fb70a
Clairvoyant,#480656
Clam Shell,#d2b3a9
Claret,#6e2233
Claret Red,#c84c61
Classic Blue,#0f4c81
Classic Green,#39a845
Classic Rose,#fbcce7
Clay,#d2a172
Clay Ash,#bdc8b3
Clay Creek,#897e59
Clear Day,#dfefea
Clearly Aqua,#cee1d4
Clearwater,#aad5db
Clematis Blue,#363b7c
Clementine,#e96e00
Climbing Ivy,#444940
Clinker,#463623
Cloisonne,#0075af
Cloud,#c2bcb1
Cloud Blue,#a2b6b9
Cloud Burst,#353e4f
Cloud Cream,#e6ddc5
Cloud Dancer,#f0eee9
Cloud Gray,#b7a9ac
Cloud Pink,#f5d1c8
Cloudburst,#837f7f
Clouded Blue,#1f75fe
Cloudy,#b0a99f
Clove,#876155
Clover,#008f00
Coastal Fjord,#505d7e
Cobalt,#0047ab
Cobblestone,#a89a8e
Cockatoo,#58c8b6
Cocoa Bean,#4f3835
Cocoa Brown,#35281e
Coconut Cream,#e1dabb
Coconut Milk,#f0ede5
Coconut Shell,#874e3c
Cocoon,#c9b27c
Cod Gray,#2d3032
Coffee,#6f4e37
Coffee Bean,#362d26
Coffee Liqueur,#6a513b
Cognac,#9a463d
Cola,#3c2f23
Cold Purple,#9d8abf
Cold Steel,#262335
Cold Turkey,#cab5b2
Coldbrew Coffee,#726751
Colonial Blue,#2d6471
Colonial White,#ffedbc
Colony Blue,#65769a
Columbia,#009288
Columbia Blue,#9bddff
Comet,#636373
Comfrey,#5b7961
Common Chestnut,#cd5c5c
Common Dandelion,#fed85d
Common Teal,#009193
Como,#4c785c
Conch,#a0b1ae
Conch Shell,#fc8f9b
Concord,#827f79
Concord Grape,#7c5379
Concrete,#d2d1cd
Confetti,#ddcb46
Congo Brown,#654d49
Congo Pink,#f88379
Congress Blue,#02478e
Conifer,#b1dd52
Contessa,#c16f68
Cool Black,#002e63
Cool Blue,#a5c5d9
Cool Grey,#8c92ac
Copen Blue,#516b84
Copper,#b87333
Copper Brown,#9a6051
Copper Canyon,#77422c
Copper Coin,#da8a67
Copper Penny,#ad6f69
Copper Pipe,#da8f67
Copper Red,#cb6d51
Copper Rose,#966
Copper Rust,#95524c
Copper Tan,#de8e65
Copperfield,#da8a88
Coquelicot,#ff3800
Coral,#ff7f50
Coral Almond,#e29d94
Coral Blush,#e6b2b8
Coral Candy,#f5d0c9
Coral Cloud,#e2a9a1
Coral Gold,#d27d56
Coral Haze,#e38e84
Coral Pink,#f98379
Coral Quartz,#f77464
Coral Red,#ff4040
Coral Reef,#c7bca2
Coral Rose,#f3774d
Coral Sands,#edaa86
Coral Tree,#ab6e67
Cordovan,#893f45
Corduroy,#404d49
Coriander,#bbb58d
Cork,#5a4c42
Corn,#fbec5d
Corn Field,#f8f3c4
Corn Flower Blue,#42426f
Corn Harvest,#8d702a
Cornell Red,#b31b11
Cornflower,#93cce7
Cornflower Blue,#6495ed
Cornflower Lilac,#ffb0ac
Cornhusk,#f2d6ae
Cornsilk,#fff8dc
Cornstalk,#a9947a
Coronet Blue,#59728e
Corsair,#18576c
Corsican Blue,#646093
Corvette,#e9ba81
Corydalis Blue,#a9cada
Cosmic,#794d60
Cosmic Latte,#fff8e7
Cosmic Sky,#aaaac4
Cosmos,#fcd5cf
Costa Del Sol,#625d2a
Cotton Candy,#ffbcd9
Cotton Seed,#bfbaaf
Country Blue,#717f9b
County Green,#1b4b35
Covert Green,#80765f
Cowboy,#443736
Cowhide,#884344
Crab Apple,#87382f
Crabapple,#d77e70
Cradle Pink,#edd0dd
Crail,#a65648
Cranberry,#db5079
Crater Brown,#4d3e3c
Cream,#fffdd0
Cream Blush,#f8c19a
Cream Brulee,#ffe39b
Cream Can,#eec051
Cream Gold,#dec05f
Cream Pink,#f6e4d9
Cream Tan,#e4c7b8
Creampuff,#ffcda8
Creme Brulee,#dbccb5
Creme De Menthe,#70a38d
Creme De Peche,#f5d6c6
Creole,#393227
Creole Pink,#f7d5cc
Cress Green,#bca949
Crete,#77712b
Crimson,#dc143c
Crimson Glory,#be0032
Crockery,#a49887
Crocodile,#706950
Crocus,#c67fae
Crocus Petal,#b99bc5
Croissant,#c4ab86
Crown Blue,#464b65
Crown Jewel,#482d54
Crown Of Thorns,#763c33
Crowshead,#1c1208
Cruise,#b4e2d5
Crushed Berry,#804f5a
Crushed Grape,#7a547f
Crushed Ice,#cae1d9
Crushed Violets,#643a4c
Crusoe,#165b31
Crusta,#f38653
Crystal Blue,#a1c8db
Crystal Gray,#d7cbc4
Crystal Pink,#edd0ce
Crystal Rose,#fdc3c6
Crystal Seas,#5dafce
Crystal Teal,#00637c
Cub,#6e5c4b
Cuban Sand,#c1a68d
Cumin,#784430
Cumulus,#f5f4c1
Cupid,#f5b2c5
Curds And Whey,#bca483
Curious Blue,#3d85b8
Curry,#be9e6f
Custard,#e5d68e
Cutty Sark,#5c8173
Cyan,#0ff0fe
Cyan (Process),#00b7eb
Cyan / Aqua,#00ffff
Cyan Blue,#14a3c7
Cyber Yellow,#ffd400
Cyclamen,#d687ba
Cypress,#545a3e
Cyprus,#0f4645
Dachshund,#704f37
Daffodil,#ffff31
Dahlia,#843e83
Dahlia Mauve,#a64f82
Dahlia Purple,#7e6eac
Daintree,#012731
Daiquiri Green,#c9d77e
Dairy Cream,#edd2a4
Daisy Bush,#5b3e90
Dallas,#664a2d
Damson,#854c65
Dandelion,#f0e130
Danube,#5b89c0
Daphne,#0f5f9a
Dapple Gray,#9c9ba7
Dark Blue,#00008b
Dark Brown,#654321
Dark Burgundy,#770f05
Dark Byzantium,#5d3954
Dark Camouflage Green,#4f4d32
Dark Candy Apple Red,#a40000
Dark Carnation Pink,#ffa6c9
Dark Catalina,#273c5a
Dark Cerulean,#08457e
Dark Cheddar,#e08119
Dark Chestnut,#986960
Dark Citron,#a0ac4f
Dark Coral,#cd5b45
Dark Cow ,#882d17
Dark Cyan,#008b8b
Dark Denim,#35465e
Dark Earth,#5c4939
Dark Ebony,#3c2005
Dark Electric Blue,#536878
Dark Fern,#0a480d
Dark Forest,#556962
Dark Goldenrod,#b8860b
Dark Gray,#a9a9a9
Dark Green,#013220
Dark Green Copper,#4a766e
Dark Gull Gray,#625d5d
Dark Imperial Blue,#00416a
Dark Ivy,#5b7763
Dark Jonquil,#fada5e
Dark Jungle Green,#1a2421
Dark Khaki,#bdb76b
Dark Lava,#483c32
Dark Lavender,#734f96
Dark Magenta,#8b008b
Dark Midnight Blue,#037
Dark Mountain Meadow,#1ab385
Dark Navy,#232f36
Dark Olive,#574d35
Dark Olive Green,#556b2f
Dark Olive Paste,#6e5160
Dark Orange,#ff8c00
Dark Orchid,#9932cc
Dark Pastel Blue,#779ecb
Dark Pastel Green,#03c03c
Dark Pastel Purple,#966fd6
Dark Pastel Red,#c23b22
Dark Pink,#e75480
Dark Powder Blue,#039
Dark Purple,#871f78
Dark Raspberry,#872657
Dark Red,#8b0000
Dark Rum,#45362b
Dark Salmon,#e9967a
Dark Sapphire,#082567
Dark Scarlet,#560319
Dark Sea Green,#8fbc8f
Dark Shadow,#4a4b4d
Dark Shamrock,#33cc99
Dark Sienna,#3c1414
Dark Slate,#465352
Dark Slate Blue,#483d8b
Dark Slate Gray,#2f4f4f
Dark Spring Green,#177245
Dark Tan,#918151
Dark Tangerine,#ffa812
Dark Taupe,#483c3c
Dark Terra Cotta,#cc4e5c
Dark Topaz,#817c87
Dark Turquoise,#00ced1
Dark Violet,#9400d3
Dark Wood,#855e42
Dark Yellow,#9b870c
Darker Tan,#97694f
Darkest Spruce,#303d3c
Darth Vador,#0b0b0b
Dartmouth Green,#00703c
Davy's Gray,#555
Dawn,#9f9d91
Dawn Blue,#cacccb
Dawn Pink,#e6d6cd
Day On Mercury,#d5d2d1
Daybreak,#8981a0
Dazzling Blue,#3850a0
De York,#85ca87
Dead 99,#99dead
Deauville Mauve,#af9294
Debian Red,#d70a53
Decadent Chocolate,#513235
December Sky,#767275
Deco,#cccf82
Deco Rose,#985f68
Deep Aqua,#0096ff
Deep Aquamarine,#78dbe2
Deep Blue,#220878
Deep Blush,#e36f8a
Deep Bronze,#51412d
Deep Carmine,#a9203e
Deep Carmine Pink,#ef3038
Deep Carrot Orange,#e9692c
Deep Cerise,#da3287
Deep Cerulean,#007bbb
Deep Champagne,#fad6c5
Deep Chestnut,#b94e48
Deep Claret,#973443
Deep Cobalt,#404466
Deep Coffee,#704241
Deep Cove,#051040
Deep Depths,#46483c
Deep Dive,#29495c
Deep Fir,#193925
Deep Forest,#37413a
Deep Forest Green,#014421
Deep Fuchsia,#c154c1
Deep Grass Green,#558367
Deep Green,#009276
Deep Jungle,#36716f
Deep Jungle Green,#004b49
Deep Koamaru,#343467
Deep Lagoon,#005265
Deep Lake,#00656b
Deep Lavender,#775496
Deep Lichen Green,#6e6e5c
Deep Lilac,#95b
Deep Magenta,#c0c
Deep Mahogany,#553b39
Deep Mint,#009e6d
Deep Oak,#412010
Deep Orchid,#903f75
Deep Peach,#ffcba2
Deep Peacock Blue,#008381
Deep Periwinkle,#7c83bc
Deep Pink,#ff1493
Deep Purple,#50314c
Deep Ruby,#843f5b
Deep Saffron,#f93
Deep Sapphire,#082599
Deep Sea,#167e65
Deep Sea Coral,#d9615b
Deep Sea Green,#095859
Deep Sky Blue,#00bffe
Deep Taupe,#7b6660
Deep Teal,#19443c
Deep Tuscan Red,#66424d
Deep Ultramarine,#384883
Deep Water,#266691
Deep Well,#2c2a33
Deep Wisteria,#443f6f
Del Rio,#b5998e
Delft,#3d5e8c
Delicacy,#f5e3e2
Delicioso,#3f352f
Dell,#486531
Della Robbia Blue,#7a9dcb
Delphinium Blue,#6198ae
Delta,#999b95
Deluge,#8272a4
Demitasse,#40342b
Denim,#1560bd
Depp Flamingo,#df01f0
Derby,#f9e4c6
Desert,#c19a6c
Desert Dust,#e3bc8e
Desert Field,#efcdb8
Desert Flower,#ff9687
Desert Mist,#e0b589
Desert Palm,#5a4632
Desert Rose,#cf6977
Desert Sage,#a7ae9e
Desert Sand,#edc9af
Desert Soil,#a15f3b
Desert Storm,#ede7e0
Desert Sun,#c87629
Desert Taupe,#8d7e71
Dew,#e7f2e9
Dewberry,#8b5987
Dewkist,#c4d1c2
Di Serria,#db995e
Diesel,#322c2b
Diffused Orchid,#9879a2
Dijon,#97754c
Dill,#6f7755
Dim Gray,#696969
Dingley,#607c47
Directoire Blue,#0061a3
Disco,#892d4f
Diva Blue,#007bb2
Dixie,#cd8431
Dodger Blue,#1e90ff
Doe,#b98e68
Doeskin,#bdab9b
Dogwood Rose,#d71868
Dollar Bill,#85bb65
Dolly,#f5f171
Dolphin,#6a6873
Domino,#6c5b4c
Don Juan,#5a4f51
Donkey Brown,#816e5c
Dorado,#6e5f56
Double Colonial White,#e4cf99
Double Cream,#f3e0ac
Double Pearl Lusta,#e9dcbe
Double Spanish White,#d2c3a3
Dove,#b3ada7
Dove Gray,#6d6c6c
Dove Grey,#777672
Downriver,#092256
Downy,#6fd2be
Drab,#967117
Dragon Fire,#fc642d
Dragonfly,#2a5c6a
Dream Blue,#a0bcd0
Dresden Blue,#0086bb
Dress Blues,#2a3244
Dried Herb,#847a59
Dried Magenta,#ff40ff
Dried Moss,#ccb97e
Dried Plum,#683332
Dried Tobacco,#997b38
Driftwood,#af8751
Drizzle,#a0af9d
Drover,#fbeb9b
Dry Rose,#c02e4c
Dubarry,#f25f66
Duck Green,#53665c
Duffel Bag,#394034
Duke Blue,#00009c
Dull Gold,#8a6f48
Dull Lavender,#a899e6
Dull Violet,#803790
Dune,#514f4a
Dune Shadow,#867665
Dusk,#897f98
Dusk Blue,#7ba0c0
Dusk Orange,#fe4c40
Dusky Citron,#e3cc81
Dusky Green,#746c57
Dusky Orchid,#9a7182
Dust Storm,#e5cac0
Dusted Clay,#cc7357
Dusted Peri,#696ba0
Dusty Aqua,#c0dccd
Dusty Blue,#8c9dad
Dusty Cedar,#ad5d5d
Dusty Coral,#d29b83
Dusty Gray,#a8989b
Dusty Grey,#ac9b9b
Dusty Jade Green,#7bb5a3
Dusty Lavender,#a1759c
Dusty Olive,#646356
Dusty Orange,#e27a53
Dusty Pink,#deaa9b
Dusty Rose,#ba797d
Dusty Sand,#bdbaae
Dusty Turquoise,#649b9e
Dusty Yellow,#d4cc9a
Dutch Blue,#4a638d
Dutch White,#f0dfbb
Dynasty Green,#008e80
Eagle,#b0ac94
Earls Green,#b8a722
Early Dawn,#fbf2db
Earth Red,#95424e
Earth Yellow,#e1a95f
East Bay,#47526e
East Side,#aa8cbc
Easter Egg,#919bc9
Eastern Blue,#00879f
Eastern Wolf,#dbd7d2
Ebb,#e6d8d4
Ebony,#313337
Ebony Clay,#323438
Echo Blue,#a4afcd
Eclipse,#3f3939
Ecru,#c2b280
Ecru Olive,#927b3c
Ecru White,#d6d1c0
Ecstasy,#c96138
Eden,#266255
Edgewater,#c1d8c5
Edward,#97a49a
Egg Sour,#f9e4c5
Egg White,#ffefc1
Eggnog,#ece1d3
Eggplant,#531b93
Eggshell,#f0ead6
Eggshell Blue,#a3ccc9
Egret,#f3ece0
Egyptian Blue,#1034a6
Eiffel Tower,#5c5658
Eigengrau,#16161d
El Paso,#39392c
El Salva,#8f4e45
Elastic Pink,#eca6ca
Elderberry,#2e2249
Electric Blue,#7df9ff
Electric Crimson,#ff003f
Electric Cyan,#0ff0fc
Electric Flamingo,#fc74fd
Electric Green,#4bc3a8
Electric Indigo,#6600ff
Electric Lavender,#f4bfff
Electric Lime,#ccff00
Electric Purple,#bf00ff
Electric Ultramarine,#3f00ff
Electric Violet,#8f00f1
Electric Yellow,#fffc00
Electrum,#e7c697
Elephant,#243640
Elephant Gray,#95918c
Elephant Skin,#8f8982
Elf Green,#1b8a6b
Elfin Yellow,#eeea97
Elm,#297b76
Elm Green,#547053
Elmwood,#8c7c61
Emberglow,#ea6759
Emerald,#50c878
Eminence,#6e3974
Emperador,#684832
Emperor,#50494a
Empire Yellow,#f7d000
Empress,#7c7173
Enamel Blue,#007a8e
Endeavour,#29598b
Endive,#d2cc81
Energic Eggplant,#b300b3
Energy Yellow,#f5d752
English Holly,#274234
English Ivy,#61845b
English Lavendar,#9d7bb0
English Lavender,#b48395
English Manor,#7181a4
English Rose,#f4c6c3
English Walnut,#3e2b23
Ensign Blue,#384c67
Envy,#8ba58f
Ephemera,#6f5965
Epsom,#849161
Equator,#dab160
Ermine,#836b4f
Espresso,#4e312d
Estate Blue,#233658
Eternity,#2d2f28
Ether,#9eb6b8
Etherea,#a5958f
Ethereal Blue,#5ca6ce
Ethereal Green,#f1ecca
Eton Blue,#96c8a2
Etruscan Red,#a2574b
Eucalyptus,#329760
Eunry,#cda59c
Evening Blue,#2a293e
Evening Haze,#bdb8c7
Evening Primrose,#ccdb1e
Evening Sand,#ddb6ab
Evening Sea,#26604f
Eventide,#959eb7
Everglade,#264334
Evergreen,#11574a
Exaggerated Blush,#de5d83
Excalibur,#676168
Exotic Orange,#f96531
Exuberance,#e86800
Faded Denim,#798ea4
Faded Jade,#427977
Faded Rose,#bf6464
Faience,#2a6a8b
Fair Aqua,#b8e2dc
Fair Green,#92af88
Fair Orchid,#c0aac0
Fair Pink,#f3e5dc
Fairest Jade,#d8e3d7
Fairway,#477050
Fairy Tale,#f2c1d1
Fairy Wren,#9479af
Falcon,#6e5a5b
Fall Green,#ecfcbd
Fall Leaf,#c9a86a
Fallen Rock,#807669
Fallow,#c19a51
Falu Red,#801818
Fandango,#b53389
Fandango Pink,#e04f80
Fanfare,#006d70
Fantasy,#f2e6dd
Far Away Gray,#2d383a
Fashion Fuchsia,#f400a1
Fat Tuesday,#352235
Fawn,#e5aa70
Feather Gray,#b8ad9e
Federal Blue,#43628b
Fedora,#625665
Feijoa,#a5d785
Feldgrau,#4d5d53
Feldspar,#d19275
Fennel Seed,#998456
Fenugreek,#c0916c
Fern,#4f8f00
Fern Frond,#657220
Fern Green,#4f7942
Ferra,#876a68
Ferrari Red,#ff2800
Festival,#eacc4a
Festival Fuchsia,#9e2c6a
Feta,#dbe0d0
Field Drab,#6c541e
Fierce Mantis,#7fc15c
Fiery Orange,#b1592f
Fiery Red,#d01c1f
Fiesta,#dd4132
Fig,#532d3b
Fiji Green,#636f22
Finch,#75785a
Finlandia,#61755b
Finn,#694554
Fiord,#4b5a62
Fir,#3a725f
Fir Green,#67592a
Fire,#8f3f2a
Fire Bush,#e09842
Fire Engine Red,#ce1620
Fireball,#ce2029
Firebrick,#b22222
Firecracker,#f36944
Fired Brick,#6a2e2a
Firefly,#314643
Fjord Blue,#007290
Flame,#e25822
Flame Orange,#fb8b23
Flame Pea,#be5c48
Flame Red,#86282e
Flame Scarlet,#cd212a
Flamenco,#ea8645
Flamingo,#e1634f
Flamingo Pink,#fc8eac
Flan,#f6e3b4
Flavescent,#f7e98e
Flax,#eedc82
Flax Smoke,#7b8265
Flesh,#ffcbc4
Flickery CRT Green,#90f215
Flint,#716e61
Flint Gray,#a09c98
Flint Stone,#677283
Flirt,#7a2e4d
Flora,#73fa79
Floral White,#fffaf0
Florida Keys,#56beab
Fluorescent Orange,#ffcf00
Fluorescent Pink,#fe1493
Fluorescent Turquoise,#00fdff
Fluorescent Yellow,#ccff02
Fluorite Green,#699158
Flush Mahogany,#ca2425
Flush Orange,#ff6f01
Foam,#d0eae8
Foam Green,#b4c79c
Fog,#d5c7e8
Fog Green,#c2cbb4
Foggy Dew,#d1d5d0
Foggy Gray,#cbcab6
Foggy Grey,#a7a69d
Foliage,#75a14f
Foliage Green,#3e6f58
Folkstone Gray,#626879
Folly,#ff004f
Fondue Fudge,#5d4236
Forest Biome,#184a45
Forest Fern,#63b76c
Forest Green,#6dae81
Forest Night,#434237
Forest Shade,#91ac80
Forever Blue,#899bb8
Forged Iron,#48464a
Forget Me Not,#fdefdb
Fossil,#806f63
Fountain Blue,#65adb2
Four Leaf Clover,#616652
Foxglove,#b98391
Fragrant Lilac,#ceadbe
Frangipani,#ffd7a0
Frappe,#d1b7a0
Free Speech Aquamarine,#029d74
Free Speech Blue,#4156c5
Free Speech Green,#09f911
Free Speech Magenta,#e35bd8
Free Speech Red,#c00000
Freesia,#f3c12c
French Beige,#a67b50
French Blue,#0072bb
French Gray,#bdbdc6
French Grey,#bfbdc1
French Lilac,#deb7d9
French Lime,#c0ff00
French Pass,#a4d2e0
French Raspberry,#c72c48
French Roast,#58423f
French Rose,#f64a8a
French Vanilla,#efe1a7
Fresh Acorn,#d2693e
Fresh Auburn,#a52a24
Fresh Eggplant,#f9006f
Fresh Granny Smith,#7ff217
Fresh Salmon,#ff7f6a
Fresh Turquoise,#40e0d0
Friar Brown,#6e493a
Friar Gray,#807e79
Friar Grey,#86837a
Fringy Flower,#b4e1bb
Froly,#e56d75
Frost,#e1e4c5
Frost Gray,#848283
Frosted Almond,#d2c2ac
Frosted Mint,#e2f2e4
Frostee,#dbe5d2
Frosty Green,#a3b5a6
Frosty Spruce,#578270
Frozen Dew,#d8cfb2
Frozen Grass,#deeadc
Fruit Dove,#ce5b78
Fruit Salad,#4ba351
Fuchsia,#c364c5
Fuchsia Blue,#7a58c1
Fuchsia Pink,#f7f
Fuchsia Purple,#d33479
Fuchsia Red,#ab3475
Fuchsia Rose,#c74375
Fudge,#493338
Fudgesickle,#63403a
Fuego,#c2d62e
Fuel Yellow,#d19033
Fulvous,#e48400
Fun Blue,#335083
Fun Green,#15633d
Fungi,#8f8177
Fuscous Gray,#54534d
Fuscous Grey,#3c3b3c
Fusion Coral,#ff8576
Fuzzy Wuzzy,#c66
Fuzzy Wuzzy Brown,#c45655
Gable Green,#2c4641
Gainsboro,#dcdcdc
Galapagos Green,#29685f
Galaxy Blue,#2a4b7c
Gallery,#dcd7d1
Galliano,#d8a723
Gamboge,#e49b0f
Ganache,#34292a
Garden Glade,#dcd8a8
Garden Green,#495e35
Garden Topiary,#3e524b
Gardenia,#f1e8df
Gargoyle,#686767
Garnet,#953640
Garnet Rose,#ac4b55
Geebung,#c5832e
Genoa,#31796d
Genoa Lemon,#fde910
Gentian Violet,#544275
Georgia Peach,#f97272
Geraldine,#e77b75
Geranium,#da3d58
Geranium Pink,#f6909d
German Licorice,#2e3749
Geyser,#cbd0cf
Ghost,#c0bfc7
Ghost Gray,#9c9b98
Ghost White,#f8f8ff
Gibraltar Sea,#123850
Gigas,#564786
Gilded Beige,#b39f8d
Gimblet,#b9ad61
Gin,#d9dfcd
Gin Fizz,#f8eaca
Ginger,#b06500
Ginger Bread,#8c4a2f
Ginger Root,#bfa58a
Ginger Snap,#977d70
Ginger Spice,#b65d48
Givry,#ebd4ae
Glacier,#78b1bf
Glacier Gray,#c5c6c7
Glade Green,#5f8151
Glamour Pink,#ff1dcd
Glass Green,#ecead0
Glaucous,#6082b6
Glazed Ginger,#91552b
Gleam,#bfd1ad
Glitter,#e6e8fa
Gloxinia,#622e5a
Go Ben,#786e4c
Goat,#a89a91
Goblin,#34533d
Goblin Blue,#5f7278
Goblin Green,#76ff7a
Goji Berry,#b91228
Gold,#ffd700
Gold Drop,#d56c30
Gold Earth,#dd9c6b
Gold Flame,#b45422
Gold Fusion,#ffb000
Gold Sand,#e6be9c
Gold Tips,#e2b227
Golden Apricot,#dda758
Golden Bell,#ca8136
Golden Brown,#996515
Golden Coin,#fcd975
Golden Cream,#f7b768
Golden Dream,#f1cc2b
Golden Fizz,#ebde31
Golden Fleece,#f2d1a0
Golden Gate Bridge,#c0362c
Golden Glow,#f9d77e
Golden Grass,#daa631
Golden Green,#bdb369
Golden Haze,#fbd897
Golden Kiwi,#f3dd3e
Golden Lime,#9a9738
Golden Mist,#d5cd94
Golden Nugget,#db9b59
Golden Oak,#be752d
Golden Ochre,#c77943
Golden Olive,#af9841
Golden Orange,#d7942d
Golden Palm,#aa8805
Golden Poppy,#fcc200
Golden Rod,#e2a829
Golden Sand,#eace6a
Golden Spice,#c6973f
Golden Straw,#e6bd8f
Golden Tainoi,#ffc152
Golden Yellow,#ffdf00
Goldenrod,#daa520
Goldfinch,#f8dc6c
Golf Green,#008763
Gondola,#373332
Gordons Green,#29332b
Gorse,#fde336
Gossamer,#399f86
Gossamer Green,#b2cfbe
Gossamer Pink,#fac8c3
Gossip,#9fd385
Gothic,#698890
Gothic Grape,#473951
Gothic Olive,#7c6e4f
Governor Bay,#51559b
Grain Brown,#cab8a2
Granada Sky,#5d81bb
Grandis,#ffcd73
Granita,#a52350
Granite Gray,#615e5f
Granite Green,#8b8265
Granny Apple,#c5e7cd
Granny Smith,#7b948c
Granny Smith Apple,#9de093
Grape,#9437ff
Grape Compote,#6b5876
Grape Green,#a8e4a0
Grape Jam,#725671
Grape Juice,#682961
Grape Kiss,#7b4368
Grape Leaf,#545144
Grape Nectar,#8d5c74
Grape Royale,#4f2d54
Grape Shake,#886971
Grape Wine,#5a2f43
Grapeade,#85677b
Grapemist,#8398ca
Graphite,#383428
Grasping Grass,#92b300
Grass Green,#7bb369
Grasshopper,#77824a
Gravel,#4a4b46
Gray,#808080
Gray Asparagus,#465945
Gray Blue,#4d587a
Gray Chateau,#a2aab3
Gray Dawn,#bbc1cc
Gray Flannel,#848182
Gray Green,#a49a79
Gray Lilac,#d4cacd
Gray Mist,#99aeae
Gray Morn,#cabeb5
Gray Nickel,#c3c3bd
Gray Nurse,#e7ece6
Gray Olive,#a9a491
Gray Pinstripe,#49494d
Gray Ridge,#847986
Gray Sand,#e5ccaf
Gray Suit,#c1becd
Gray Violet,#bbbcbc
Grayed Jade,#9bbea9
Graystone,#4d495b
Greek Flag Blue,#0d5eaf
Green,#008000
Green (Crayola),#1dac78
Green (Munsell),#00a877
Green (Ncs),#009f6b
Green (Pigment),#00a550
Green (Ryb),#66b032
Green Ash,#a0daa9
Green Banana,#babc72
Green Bay,#7e9285
Green Blue Slate,#358082
Green Essence,#e9eac8
Green Eyes,#7d956d
Green Flash,#79c753
Green Gables,#324241
Green Glow,#b0c965
Green Haze,#01a368
Green House,#3e6334
Green Kelp,#393d2a
Green Leaf,#526b2d
Green Lily,#c1cec1
Green Milieu,#8a9992
Green Mist,#bfc298
Green Moss,#857946
Green Oasis,#b0b454
Green Olive,#8d8b55
Green Pea,#266242
Green Sheen,#d9ce52
Green Smoke,#9ca664
Green Spring,#a9af99
Green Spruce,#589f7e
Green Sulphur,#ae8e2c
Green Tea,#86a96f
Green Tint,#c5ccc0
Green Vogue,#23414e
Green Waterloo,#2c2d24
Green White,#deddcb
Green Yellow,#adff2f
Greenbriar,#4b9b69
Greener Pastures,#37503d
Greenery,#88b04b
Greengage,#8bc28c
Greenlake,#007d69
Greige,#928475
Grenade,#c32149
Grenadier,#c14d36
Grenadine,#df3f32
Grey Chateau,#9fa3a7
Grey Nurse,#d1d3cc
Grey Olive,#a19a7f
Grey Suit,#9391a0
Griffin,#8d8f8f
Grisaille,#585e6f
Grullo,#a99a86
Guacamole,#95986b
Guardsman Red,#952e31
Gulf Blue,#343f5c
Gulf Stream,#74b2a8
Gull,#918c8f
Gull Gray,#9dacb7
Gull Grey,#a4adb0
Gum Leaf,#acc9b2
Gumbo,#718f8a
Gumdrop Green,#2ea785
Gun Powder,#484753
Gunmetal,#2c3539
Gunsmoke,#7a7c76
Guppie Green,#00ff7f
Gurkha,#989171
Habanero Gold,#fed450
Hacienda,#9e8022
Hairy Heath,#633528
Haiti,#2c2a35
Halayà ÚBe,#663854
Half And Half,#ede7c8
Half Baked,#558f93
Half Colonial White,#f2e5bf
Half Dutch White,#fbf0d6
Half Pearl Lusta,#f1ead7
Half Spanish White,#e6dbc7
Halogen Blue,#bdc6dc
Hampton,#e8d4a2
Han Blue,#446ccf
Han Purple,#5218fa
Hansa Yellow,#e9d66c
Harbor Blue,#00656e
Harbor Gray,#a8c0bb
Harbor Mist,#afb1b4
Harlequin,#3fff00
Harley Davidson Orange,#c93413
Harp,#cbcec0
Harvard Crimson,#c90016
Harvest Eve Gold,#da9100
Harvest Gold,#eab76a
Harvest Pumpkin,#d56231
Haute Red,#a11729
Havana,#3b2b2c
Havelock Blue,#5784c1
Hawaiian Ocean,#008db9
Hawaiian Sunset,#bb5c14
Hawaiian Surf,#0078a7
Hawaiian Tan,#99522b
Hawkbit,#fddb6d
Hawkes Blue,#d2daed
Hawthorn Rose,#884c5e
Hay,#d3cca3
Hazel,#ae7250
Hazelnut,#cfb095
Heart Gold,#808000
Heath,#4f2a2c
Heather,#aebbc1
Heather Rose,#ad6d7f
Heathered Gray,#b6b095
Heathered Grey,#948c7e
Heavenly Pink,#f4dede
Heavy Metal,#46473e
Hedge Green,#768a75
Heirloom Lilac,#9d96b2
Heisenberg Blue,#70d4fb
Heliotrope,#df73ff
Helvetia Red,#f00000
Hemlock,#69684b
Hemp,#987d73
Henna,#7c423c
Herbal Garden,#9cad60
Heritage Blue,#5d96bc
Heron,#62617e
Hibiscus,#b6316c
High Rise,#aeb2b5
High Risk Red,#c71f2d
Highball,#928c3c
Highland,#7a9461
Hillary,#a7a07e
Himalaya,#736330
Hint Of Green,#dff1d6
Hint Of Mint,#d8e8e6
Hint Of Red,#f5efeb
Hint Of Yellow,#f6f5d7
Hippie Blue,#49889a
Hippie Green,#608a5a
Hippie Pink,#ab495c
Hipster Salmon,#fd7c6e
Hit Gray,#a1adb5
Hit Grey,#a1a9a8
Hit Pink,#fda470
Hokey Pokey,#bb8e34
Hoki,#647d86
Holiday,#81c3b4
Holly,#25342b
Holly Berry,#b44e5d
Holly Green,#0f9d76
Hollyhock,#823270
Hollywood Cerise,#f400a0
Honey,#ba9238
Honey Flower,#5c3c6d
Honey Ginger,#a86217
Honey Gold,#d1a054
Honey Mustard,#b68f52
Honey Peach,#dcbd9e
Honey Yellow,#ca9456
Honeydew,#f0fff0
Honeydew Peel,#d4fb79
Honeysuckle,#e8ed69
Honolulu Blue,#007fbf
Hooker's Green,#49796b
Hopbush,#cd6d93
Hopi Moccasin,#ffe4b5
Horizon,#648894
Horizon Blue,#289dbe
Horses Neck,#6d562c
Hortensia,#553b50
Hot Chocolate,#683b39
Hot Cinnamon,#d2691e
Hot Coral,#f35b53
Hot Curry,#815b28
Hot Magenta,#f0c
Hot Pink,#ff69b4
Hot Purple,#4e2e53
Hot Sauce,#ab4f41
Hot Toddy,#a7752c
Huckleberry,#5b4349
Humming Bird,#ceefe4
Humus,#b7a793
Hunter Green,#355e3b
Hurricane,#8b7e77
Hushed Green,#d8e9e5
Hushed Violet,#d1c0bf
Husk,#b2994b
Hyacinth,#936ca7
Hyacinth Violet,#8d4687
Hydrangea,#849bcc
Hydro,#426972
Ibis Rose,#ca628f
Ibiza Blue,#007cb7
Ice,#73fdff
Ice Cube,#afe3d6
Ice Flow,#c6d2d2
Ice Green,#87d8c3
Iceberg,#71a6d2
Iceberg Green,#8c9c92
Iced Aqua,#abd3db
Iced Coffee,#b18f6a
Iceland Poppy,#f4963a
Icelandic Blue,#a9adc2
Icicle,#dadcd0
Icterine,#fcf75e
Icy Morn,#b0d3d1
Iguana,#818455
Illusion,#ef95ae
Illusion Blue,#c9d3dc
Impala,#f8ce97
Impatiens Pink,#ffc4bc
Imperial Blue,#002395
Imperial Palace,#604e7a
Imperial Purple,#542c5d
Inca Gold,#bb7a2c
Inca Yellow,#ffd300
Incense,#af9a7e
Inch Worm,#b0e313
Inchworm,#b2ec5d
India Green,#138808
India Ink,#3c3f4a
Indian Khaki,#d3b09c
Indian Red,#cd5c51
Indian Tan,#4f301f
Indian Teal,#3c586b
Indian Yellow,#e3a857
Indigo,#6f00fe
Indigo (Dye),#00416c
Indigo (Web),#4b0082
Indigo Bunting,#006ca9
Indigo Light,#5d76cb
Indochine,#9c5b34
Indocile Indochine,#b96b00
Infinity,#6e7e99
Ink Blue,#0b5369
Insignia Blue,#2f3e55
International Blue,#002fa7
International Orange,#ba160c
Iolite,#707bb4
Iris,#5a4fcf
Iris Bloom,#5b609e
Iris Blue,#03b4c8
Iris Orchid,#a767a2
Irish Coffee,#62422b
Irish Cream,#c0ac92
Irish Green,#45be76
Iroko,#433120
Iron,#5e5e5e
Iron Gate,#4e5055
Ironside Gray,#676662
Ironside Grey,#706e66
Ironstone,#865040
Isabelline,#f4f0ec
Islamic Green,#009900
Island Green,#2bae66
Island Paradise,#95dee3
Island Spice,#f8eddb
Italian Grape,#413d4b
Italian Plum,#533146
Italian Straw,#e7d1a1
Ivory,#fffff0
Ivory Cream,#dac0a7
Ivy,#226c63
Ivy Green,#585442
Jacaranda,#2e0329
Jacarta,#3d325d
Jacko Bean,#413628
Jacksons Purple,#3d3f7d
Jade,#00a86b
Jade Cream,#60b892
Jade Green,#759465
Jade Lime,#a1ca7b
Jadeite,#95a69f
Jadesheen,#77a276
Jaffa,#e27945
Jaffa Orange,#d86d39
Jagged Ice,#cae7e2
Jagger,#3f2e4c
Jaguar,#29292f
Jalapeno Red,#b2103c
Jambalaya,#674834
Janna,#f4ebd3
Japanese Laurel,#2f7532
Japanese Maple,#780109
Japonica,#ce7259
Jasmine,#f8de7e
Jasmine Green,#7ec845
Jasper,#d73b3e
Java,#259797
Jazz,#5f2c2f
Jazzberry Jam,#a50b5e
Jazzy,#b61c50
Jelly Bean,#44798e
Jester Red,#9e1030
Jet,#343434
Jet Black,#2d2c2f
Jet Set,#262c2a
Jet Stream,#bbd0c9
Jewel,#136843
Jojoba,#dabe81
Jolly Green,#007844
Jon,#463d3e
Jonquil,#eef293
Jordy Blue,#7aaae0
Judge Gray,#544333
Judge Grey,#5d5346
Jumbo,#878785
June Bud,#bdda57
June Bug,#264a48
Jungle Green,#29ab87
Jungle Mist,#b0c4c4
Junglebook Green,#3bb08f
Juniper,#74918e
Jurassic Gold,#e7aa56
Just Right,#dcbfac
Kabul,#6c5e53
Kaitoke Green,#245336
Kalamata,#5f5b4c
Kale,#5a7247
Kangaroo,#c5c3b0
Karaka,#2d2d24
Karry,#fedcc1
Kashmir,#6f8d6a
Kashmir Blue,#576d8e
Katydid,#66bc91
Kazakhstan Flag Yellow,#fec50c
Keepsake Lilac,#c0a5ae
Kelly Green,#4cbb17
Kelp,#4d503c
Kentucky Blue,#a5b3cc
Kenyan Copper,#6c322e
Keppel,#5fb69c
Ketchup,#9a382d
Key Lime Pie,#bfc921
Khaki,#c3b091
Kidnapper,#bfc0ab
Kilamanjaro,#3a3532
Killarney,#49764f
Kimberly,#695d87
Kind Magenta,#ff1dce
Kingfisher Daisy,#583580
Kiwi,#7aab55
Knight Rider,#0f0707
Kobi,#e093ab
Koi,#d15837
Kokoda,#7b785a
Kombu Green,#3a4032
Korma,#804e2c
Koromiko,#feb552
Kournikova,#f9d054
Ku Crimson,#e8000d
Kumera,#886221
Kumquat,#fbaa4c
La Palma,#428929
La Rioja,#bac00e
La Salle Green,#087830
Lagoon,#4d9e9a
Lake Blue,#008c96
Lambs Wool,#e5d0b1
Langoustino,#ca6c56
Languid Lavender,#d6cadd
Lantana,#da7e7a
Lapis,#008684
Lapis Blue,#004b8d
Lapis Lazuli,#26619c
Lark,#b89b72
Larkspur,#3c7d90
Las Palmas,#c6da36
Laser,#c6a95e
Laser Lemon,#ffff66
Latigo Bay,#379190
Latte,#c5a582
Laurel,#6e8d71
Laurel Green,#a9ba9d
Laurel Oak,#918c7e
Laurel Wreath,#616f65
Lava,#cf1020
Lava Stone,#3c4151
Lavender,#d783ff
Lavender Aura,#9f99aa
Lavender Blossom,#b57edc
Lavender Blue,#ccf
Lavender Blush,#fff0f5
Lavender Candy,#fcb4d5
Lavender Crystal,#936a98
Lavender Dust,#c4c3d0
Lavender Fog,#d2c4d6
Lavender Frost,#bdabbe
Lavender Gray,#bdbbd7
Lavender Herb,#b18eaa
Lavender Indigo,#9457eb
Lavender Lustre,#8c9cc1
Lavender Magenta,#ee82ed
Lavender Mist,#e6e6fa
Lavender Pink,#fbaed2
Lavender Purple,#967bb6
Lavender Rose,#fba0e3
Lavender Syrup,#e6e6f1
Lavender Violet,#767ba5
Lavendula,#bca4cb
Lawn Green,#7cfc00
Lead,#212121
Lead Gray,#8a7963
Leaf Green,#9faf6c
Leather,#906a54
Leather Brown,#97572b
Leek Green,#b7b17a
Legion Blue,#1f495b
Lemon,#fff700
Lemon Chiffon,#fffacd
Lemon Chrome,#ffc300
Lemon Curry,#cda323
Lemon Drop,#fdd878
Lemon Flesh,#f0e891
Lemon Ginger,#968428
Lemon Grass,#999a86
Lemon Icing,#f6ebc8
Lemon Lime,#e3ff00
Lemon Meringue,#f6e199
Lemon Verbena,#f3e779
Lemon Zest,#f9d857
Lemonade,#f0e79d
Lentil Sprout,#aba44d
Leprechaun,#378661
Lettuce Green,#bed38e
Liberty,#4d448a
Lichen,#9bc2b1
Lichen Blue,#5d89b3
Licorice,#111111
Licorice Root,#1a1110
Light Apricot,#fdd5b1
Light Blue,#add8e6
Light Brown,#b5651d
Light Carmine Pink,#e66771
Light Coral,#f08080
Light Cornflower Blue,#93ccea
Light Crimson,#f56991
Light Cyan,#e0ffff
Light Ebony,#555d50
Light Fuchsia Pink,#f984ef
Light Goldenrod,#eedd82
Light Goldenrod Yellow,#fafad2
Light Grass Green,#7cb68e
Light Gray,#dad8c9
Light Green,#90ee90
Light Grey,#d3d3d3
Light Khaki,#f0e681
Light Lilac,#dec6d3
Light Mahogany,#ad6d68
Light Orchid,#e6a8d7
Light Pastel Purple,#b19cd9
Light Payne's Gray,#536871
Light Pink,#ffb6c1
Light Red Ochre,#e97551
Light Salmon,#ffa07a
Light Salmon Pink,#f99
Light Sea Green,#20b2aa
Light Sky Blue,#87cefa
Light Slate Blue,#8470ff
Light Slate Gray,#789
Light Slate Grey,#778899
Light Steel Blue,#b0c4de
Light Taupe,#b38b6d
Light Thulian Pink,#e38fac
Light Wisteria,#c9a0ff
Light Wood,#856363
Light Yellow,#ffffe0
Lightest Sky,#e4eadf
Lightning Yellow,#f7a233
Lilac,#c8a2c8
Lilac Ash,#d7cdcd
Lilac Breeze,#b3a0c9
Lilac Bush,#9470c4
Lilac Chiffon,#de9bc4
Lilac Gray,#9896a4
Lilac Hint,#d0d0da
Lilac Marble,#c3babf
Lilac Rose,#bd4275
Lilac Sachet,#e9adca
Lilac Snow,#e0c7d7
Lilas,#b88995
Lily,#c19fb3
Lily Green,#c5cf98
Lily Pad,#818f84
Lily White,#e9eeeb
Lima,#7aac21
Lima Bean,#e1d590
Lime,#00ff00
Lime Acid,#bfff00
Lime Cream,#d7e8bc
Lime Green,#32cd32
Lime Peel,#1df914
Lime Popsicle,#c0db3a
Lime Punch,#c0d725
Lime Sherbet,#cdd78a
Limeade,#5f9727
Limed Ash,#747d63
Limed Oak,#ac8a56
Limed Spruce,#394851
Limelight,#f0e87d
Limerick,#89ac27
Limestone,#989a98
Limoges,#243f6c
Limpet Shell,#98ddde
Lincoln Green,#195905
Linden Green,#c4bf71
Linen,#faf0e6
Link Water,#c7cdd8
Lint,#b6ba99
Lion,#c19a62
Lipstick,#962c54
Lipstick Red,#b31a38
Liquid Lime,#cdF80c
Lisbon Brown,#423921
Lisbon Lemon,#fffb00
Little Boy Blue,#6ca0dc
Liver,#534b4f
Livid Brown,#312a29
Livid Lime,#b8e100
Living Coral,#ff6f61
Lizard,#71643e
Loafer,#dbd9c2
Loblolly,#b3bbb7
Lobster Bisque,#dd9289
Lochinvar,#489084
Lochmara,#316ea0
Locust,#a2a580
Loden Frost,#788f74
Loden Green,#6e7153
Log Cabin,#393e2e
Logan,#9d9cb4
Loganberry,#5a4769
Lola,#b9acbb
Lollipop,#cc1c3b
London Fog,#a29e92
London Hue,#ae94ab
Lonestar,#522426
Lotus,#8b504b
Loulou,#4c3347
Love Potion,#c01352
Love Red,#ff496c
Lower Lip,#f7468a
Lucky,#ab9a1c
Lucky Point,#292d4f
Luminary Green,#e3eaa5
Lunar Green,#4e5541
Lunar Rock,#c5c5c5
Lupine,#be9cc1
Lush Greenery,#7ff23e
Lush Meadow,#006e51
Lust,#e62020
Lusty,#782e2c
Luxor Gold,#ab8d3f
Lychee,#ba0b32
Lynch,#697d89
Lyons Blue,#005871
Mabel,#cbe8e8
Macadamia,#e4cfb6
Macaroni And Cheese,#ffb97b
Macaroon,#b38b71
Macaw Green,#9bb53e
Machined Iron,#cbcdcd
Madang,#b7e3a8
Madder Brown,#6a3331
Madison,#2d3c54
Madras,#473e23
Magenta,#ff00ff
Magenta (Dye),#ca1f7b
Magenta (Process),#ff0090
Magenta Haze,#9d446e
Magenta Purple,#6b264b
Magic Mint,#aaf0d1
Magnesium,#c1c2c3
Magnet,#4d4b4f
Magnolia,#f8f4ff
Mahogany,#c04000
Mahogany Rose,#c5a193
Mai Tai,#a56531
Maire,#2a2922
Maize,#e3b982
Maizena,#fbec5e
Majesty,#593761
Majolica Blue,#274357
Major Brown,#5b5149
Majorelle Blue,#6050dc
Makara,#695f50
Mako,#505555
Malachite,#0bda51
Malachite Green,#97976f
Malaga,#9f5069
Malibu,#66b7e1
Malibu Blue,#008cc1
Mallard,#254855
Mallard Blue,#3a5c6e
Mallard Green,#405e5c
Mallardish,#3a4531
Malta,#a59784
Mamba,#766d7c
Manatee,#8d90a1
Mandalay,#b57b2e
Mandarian Orange,#8e2323
Mandarin Orange,#ec6a37
Mandarin Peel,#ff9f00
Mandarin Red,#e74a33
Mandy,#cd525b
Mandys Pink,#f5b799
Mango,#b75e41
Mango Mojito,#d69c2f
Mango Tango,#ff8243
Manhattan,#e2af80
Maniac Green,#009000
Mantis,#74c365
Mantle,#96a793
Manz,#e4db55
Maple Sugar,#c9a38d
Maraschino,#ff2600
Mardi Gras,#880085
Margarita,#b5c38e
Marigold,#b88a3d
Marigold Yellow,#fbe870
Marina,#4f84c4
Marine Blue,#76afb6
Marine Green,#40a48e
Mariner,#42639f
Maritime Blue,#27293d
Marlin,#515b87
Marmalade,#c16512
Maroon,#800000
Maroon Flush,#c32249
Maroon Light,#b03060
Maroon Oak,#520c17
Marron,#6e4c4b
Mars Red,#bc2731
Marsala,#964f4c
Marshland,#2b2e26
Marshmallow,#f0eee4
Martini,#b7a8a3
Martini Olive,#716a4d
Martinique,#3c3748
Marys Rose,#f7d1d4
Marzipan,#ebc881
Masala,#57534b
Mat Dazzle Rose,#ff48d0
Matisse,#365c7d
Matrix,#8e4d45
Matterhorn,#524b4b
Maui Blue,#52a2b4
Mauve,#e0b0ff
Mauve Chalk,#e5d0cf
Mauve Mist,#c49bd4
Mauve Morn,#ecd6d6
Mauve Orchid,#b58299
Mauve Shadows,#b598a3
Mauve Taupe,#915f6d
Mauve Wine,#5b3644
Mauveglow,#d18489
Mauvelous,#f091a9
Mauvewood,#a75d67
Maverick,#c8b1c0
Maya Blue,#73c2fb
Mayfly,#65663f
Mazarine Blue,#273c76
McKenzie,#8c6338
Meadow,#8bba94
Meadow Green,#739957
Meadow Mauve,#a9568c
Meadow Mist,#d3dec4
Meadow Violet,#764f82
Meadowbrook,#60a0a3
Meadowlark,#ead94e
Meat Brown,#e5b73b
Mecca Orange,#bd5745
Medal Bronze,#977547
Medieval Blue,#29304e
Mediterranea,#32575d
Mediterranean Blue,#1478a7
Medium Aquamarine,#66ddaa
Medium Blue,#0000cd
Medium Candy Apple Red,#e2062c
Medium Carmine,#af4035
Medium Champagne,#f3e5ac
Medium Electric Blue,#035096
Medium Goldenrod,#eaeaae
Medium Green,#3c824e
Medium Jungle Green,#1c352d
Medium Lavender Magenta,#dda0fd
Medium Orchid,#ba55d3
Medium Persian Blue,#0067a5
Medium Purple,#9370db
Medium Red Violet,#bb3385
Medium Ruby,#aa4069
Medium Scarlet,#fc2847
Medium Sea Green,#3cb371
Medium Slate Blue,#7b68ee
Medium Spring Bud,#c9dc87
Medium Spring Green,#00fa9a
Medium Taupe,#674c47
Medium Turquoise,#48d1cc
Medium Tuscan Red,#794431
Medium Vermilion,#d9603b
Medium Violet-Red,#c71585
Medium Wood,#a68064
Meerkat,#a46f44
Melancholia,#12390d
Melanie,#e0b7c2
Melanzane,#342931
Mellow Apricot,#f8b878
Mellow Buff,#d8b998
Mellow Green,#d5d593
Mellow Mauve,#996378
Mellow Rose,#d9a6a1
Mellow Yellow,#f8de7f
Melon,#fdbcb4
Melrose,#c3b9dd
Mercury,#ebebeb
Merino,#e1dbd0
Merlin,#4f4e48
Merlot,#73343a
Mermaid,#817a65
Mesa Rose,#a66e7a
Metal,#babfbc
Metallic Bronze,#554a3c
Metallic Copper,#6e3d34
Metallic Gold,#d4af37
Meteor,#bb7431
Meteorite,#4a3b6a
Methyl Blue,#0074a8
Mexican Red,#9b3d3d
Micro Chip,#babcc0
Mid Gray,#5f5f6e
Mid Grey,#666a6d
Midnight,#21303e
Midnight Blue,#191970
Midnight Express,#21263a
Midnight Green (Eagle Green),#004953
Midnight Moss,#242e28
Midnight Navy,#34414e
Mikado,#3f3623
Mikado Yellow,#ffc40c
Milan,#f6f493
Milano Red,#9e3332
Mild Blue Yonder,#a2add0
Military Olive,#63563b
Milk Chocolate,#a5694f
Milk Punch,#f3e5c0
Milk White,#dcd9cd
Milky Blue,#72a8ba
Milky Green,#cfdbd1
Millbrook,#595648
Mimosa,#f5f5cc
Mindaro,#daea6f
Mine Shaft,#373e41
Mineral Blue,#6d9192
Mineral Gray,#b2b6ac
Mineral Green,#506355
Mineral Red,#b35457
Mineral Yellow,#d39c43
Ming,#407577
Ming Green,#3aa278
Minimal Gray,#948d99
Minion Yellow,#fed55d
Mink,#734b42
Minsk,#3e3267
Mint,#3eb489
Mint Cream,#f5fffa
Mint Green,#98ff98
Mint Julep,#e0d8a7
Mint Leaf,#00b694
Mint Tulip,#c6eadd
Mirage,#373f43
Mirage Gray,#abafae
Mischka,#a5a9b2
Mist Gray,#c4c4bc
Mist Green,#aacebc
Mist Grey,#bab9a9
Misted Yellow,#dab965
Mistletoe,#8aa282
Misty Blue,#bfcdcc
Misty Jade,#bcd9c8
Misty Lilac,#bcb4c4
Misty Rose,#ffe4e1
Miyazaki Verdant,#6fea3e
Mobster,#605a67
Moccaccino,#582f2b
Moccasin,#fbebd6
Mocha,#6f372d
Mocha Bisque,#8c543a
Mocha Mousse,#a47864
Mochaccino,#945200
Mochito,#8efa00
Mock Orange,#ffa368
Mode Beige,#96711f
Moist Gold,#dbdb70
Mojave Desert,#c7b595
Mojo,#97463c
Mole,#392d2b
Molten Lava,#b5332e
Mona Lisa,#ff9889
Monaco Blue,#274374
Monarch,#6b252c
Mondo,#554d42
Mongoose,#a58b6f
Monks Robe,#704822
Monsoon,#7a7679
Montana,#393b3c
Montana Grape,#6c5971
Monte Carlo,#7ac5b4
Monument,#84898c
Monza,#c7031e
Mood Indigo,#353a4c
Moody Blue,#8378c7
Moon Glow,#f5f3ce
Moon Mist,#cecdb8
Moon Raker,#c0b2d7
Moon Rock,#958b84
Moon Yellow,#f0c420
Moonbeam,#cdc6bd
Moonless Night,#2f2d30
Moonlight,#c5b1a0
Moonlight Blue,#506886
Moonlight Jade,#c7e5df
Moonlit Ocean,#293b4d
Moonlite Mauve,#d28fb0
Moonscape,#725f69
Moonshade,#5a6e9c
Moonstone Blue,#73a9c2
Moonstruck,#c2beb6
Mordant Red 19,#ae0c00
Morel,#685c53
Morganite,#dfcdc6
Morning Glory,#9ed1d3
Morning Mist,#cfdfdb
Moroccan Blue,#0f4e67
Morocco Brown,#442d21
Mortar,#565051
Mosaic Blue,#00758f
Mosque,#005f5b
Moss,#009051
Moss Gray,#afab97
Moss Green,#addfad
Mosstone,#858961
Moth,#d2cbaf
Mother Of Pearl,#e9d4c3
Mountain Meadow,#30ba8f
Mountain Mist,#a09f9c
Mountain View,#2e3d30
Mountbatten Pink,#997a8d
Mourning Dove,#94908b
Mouse Nose,#ffe5b4
Msu Green,#18453b
Muddy Waters,#a9844f
Muesli,#9e7e53
Mulberry,#c54b8c
Mulberry Purple,#493c62
Mulberry Wood,#5c0536
Mulch,#433937
Mule Fawn,#884f40
Mulled Grape,#675a74
Mulled Wine,#524d5b
Murmur,#d2d8d2
Mushroom,#bdaca3
Muskmelon,#ec935e
Mustang,#684b40
Mustard,#ffdb58
Mustard Gold,#b08e51
Muted Clay,#d29380
Muted Lime,#d1c87c
My Pink,#d68b80
My Sin,#fdae45
Mykonos Blue,#005780
Myrtle,#21421e
Mysterioso,#46394b
Mystic,#d8ddda
Mystic Blue,#e1e3de
Mystical,#5f4e72
Nadeshiko Pink,#f6adc6
Nandor,#4e5d4e
Napa,#a39a87
Napier Green,#2a8000
Naples Yellow,#fada5f
Narcissus,#c39449
Narvik,#e9e6dc
Nasturtium,#fe6347
Natural,#aa907d
Natural Gray,#8b8680
Nautical Blue,#1a5091
Navagio Bay,#3183a0
Navajo,#efdcc3
Navajo White,#ffdead
Navigate,#008583
Navy Blazer,#282d3c
Navy Blue,#000080
Navy Cosmos,#503b53
Navy Peony,#223a5e
Nebula,#b8c6be
Nebulas Blue,#2d62a3
Nectarine,#ff8656
Negroni,#eec7a2
Neon Blue,#4d4dff
Neon Carrot,#ff9933
Neon Fuchsia,#fe4164
Neon Green,#39ff14
Neon Pink,#ff6ec7
Nepal,#93aab9
Neptune,#77a8ab
Neptune Green,#7fbb9e
Nero,#252525
Neutral Gray,#8e918f
Neutral Green,#aaa583
Nevada,#666f6f
New Amber,#6d3b24
New Brick Red,#cb4154
New Bulgarian Rose,#482427
New Kenyan Copper,#7c1c05
New Limerick,#9dc209
New Orleans,#e4c385
New Tan,#ebc79e
New Wheat,#d7b57f
New York Pink,#dd8374
Niagara,#29a98b
Nickel,#929292
Night Rider,#332e2e
Night Shadz,#a23d54
Night Sky,#2a2a35
Nightshade,#433748
Nightshadow Blue,#4e5368
Nile,#b4bb85
Nile Blue,#253f4e
Nile Green,#a7c796
Nimbus Cloud,#d5d5d8
Nine Iron,#46434a
Nirvana,#a2919b
Nobel,#a99d9d
Nocturne,#7a4b56
Nomad,#a19986
Non-Photo Blue,#a4dded
Nordic,#1d393c
Norse Blue,#4ca5c7
North Atlantic,#536d70
North Sea,#316c6b
North Texas Green,#059033
Norway,#a4b88f
Nostalgia Rose,#a4777e
Nougat,#b69885
Novelle Peach,#e7cfbd
Nude,#f2d3bc
Nugget,#bc9229
Nugget Gold,#c89720
Nutmeg,#7e4a3b
Nutmeg Wood Finish,#683600
Nutria,#75663e
Oak Buff,#cf9c63
Oasis,#fcedc5
Oatmeal,#cbc3b4
Observatory,#008f70
Obsidian,#3a363b
Ocean,#005493
Ocean Blue,#009dc4
Ocean Boat Blue,#0077be
Ocean Depths,#006175
Ocean Green,#4ca973
Ocean Wave,#8ec5b6
Ochre,#c72
Odyssey Gray,#434452
Off Green,#dff0e2
Off Yellow,#faf3dc
Office Green,#00800f
Oil,#313330
Oil Blue,#658c88
Oil Green,#80856d
Oil Yellow,#c4a647
Old Asparagus,#929000
Old Bone,#dbc2ab
Old Brick,#8a3335
Old Copper,#73503b
Old Eggplant,#614051
Old Gold,#cfb53b
Old Lace,#fdf5e6
Old Laser Lemon,#fdfc74
Old Lavender,#796878
Old Mauve,#673147
Old Rose,#c08081
Olive,#808010
Olive Branch,#646a45
Olive Drab,#6b8e23
Olive Drab #7,#3c341f
Olive Gray,#a6997a
Olive Green,#b5b35c
Olive Haze,#888064
Olive Night,#535040
Olive Oil,#bab86c
Olivenite,#c1a65c
Olivetone,#747028
Olivine,#9ab973
Olympian Blue,#1a4c8b
Ombre Blue,#434854
Omphalodes,#b5cedf
Onahau,#c2e6ec
Onion,#48412b
Online Lime,#44883c
Onyx,#353839
Opal,#a8c3bc
Opal Blue,#c3ddd6
Opal Gray,#a49e9e
Opaline Green,#a3c57d
Opera Mauve,#b784a7
Opium,#987e7e
Oracle,#395555
Orange,#ffa500
Orange (Color Wheel),#ff7f00
Orange (Ryb),#fb9902
Orange Chiffon,#f9aa7d
Orange Com,#da321c
Orange Ochre,#dc793a
Orange Peel,#ffa000
Orange Pepper,#df7500
Orange Popsicle,#ff7913
Orange Roughy,#a85335
Orange Rust,#c25a3c
Orange Tiger,#f96714
Orange White,#eae3cd
Orange-Red,#ff4500
Orangeade,#e2552c
Orchid,#7a81ff
Orchid Bloom,#c5aecf
Orchid Bouquet,#d1acce
Orchid Haze,#b0879b
Orchid Hush,#cec3d2
Orchid Ice,#e0d0db
Orchid Mist,#917798
Orchid Petal,#bfb4cb
Orchid Pink,#f3bbca
Orchid Smoke,#d294aa
Orchid Tint,#dbd2db
Orchid White,#f1ebd9
Oregon,#9b4703
Orient,#255b77
Orient Blue,#47457a
Oriental Pink,#c28e88
Orinoco,#d2d3b3
Orion Blue,#3e4f5c
Oslo Gray,#878d91
Oslo Grey,#818988
Otter,#7f674f
Otter Brown,#654320
Ottoman,#d3dbcb
Ou Crimson Red,#900
Outer Space,#414a4c
Outrageous Orange,#ff6e4a
Overcast,#c3bdab
Oxblood Red,#70393f
Oxford Blue,#002147
Oxford Tan,#b8a99a
Oxley,#6d9a78
Oyster Bay,#d1eaea
Oyster Gray,#cbc1ae
Oyster Mushroom,#c3c6c8
Oyster Pink,#d4b5b0
Oyster White,#d2caaf
Paarl,#864b36
Pablo,#7a715c
Pacific,#1f595c
Pacific Blue,#1ca9c9
Pacific Coast,#5480ac
Pacifika,#778120
Paco,#4f4037
Padua,#7eb394
Pagoda Blue,#1a7f8e
Paisley Purple,#8b79b1
Pakistan Green,#060
Palace Blue,#346cb0
Palatinate Blue,#273be2
Palatinate Purple,#682860
Pale Aqua,#bcd4e1
Pale Banana,#fae199
Pale Blue,#afeeee
Pale Blush,#e4bfb3
Pale Brown,#987654
Pale Canary,#ffff88
Pale Carmine,#af403c
Pale Cerulean,#9bc4e2
Pale Chestnut,#ddadaf
Pale Copper,#df8f67
Pale Cornflower Blue,#abcdef
Pale Dogwood,#edcdc2
Pale Dry Rose,#d3a194
Pale Gold,#e6be8a
Pale Goldenrod,#eee8aa
Pale Green,#98fb98
Pale Iris,#8895c5
Pale Khaki,#bfaf92
Pale Lavender,#dcd0ff
Pale Leaf,#bdcaa8
Pale Lilac,#e1c6cc
Pale Lime Yellow,#dfe69f
Pale Magenta,#f984e5
Pale Marigold,#ffc66e
Pale Mauve,#c6a4a4
Pale Olive Green,#b5ad88
Pale Orange,#ff7f49
Pale Oyster,#9c8d72
Pale Peach,#fed1bd
Pale Pink,#fadadd
Pale Plum,#dda0df
Pale Prim,#f9f59f
Pale Red-Violet,#db7093
Pale Robin Egg Blue,#96ded1
Pale Rose,#efd6da
Pale Silver,#c9c0bb
Pale Sky,#636d70
Pale Slate,#c3bebb
Pale Spring Bud,#ecebbd
Pale Taupe,#bc987e
Pale Turquoise,#afeee1
Pale Yellow,#fce883
Palm,#afaf5e
Palm Green,#20392c
Palm Leaf,#36482f
Paloma,#9f9c99
Pampas,#eae4dc
Panache,#ebf7e4
Pancho,#dfb992
Panda,#544f3a
Pansy,#653d7c
Pansy Purple,#78184a
Papaya,#fea166
Papaya Punch,#fca289
Papaya Whip,#ffefd5
Paprika,#7c2d37
Papyrus,#f5edd6
Parachute Purple,#392852
Paradise Green,#b2e79f
Paradise Pink,#e4445e
Paradiso,#488084
Parakeet,#008c69
Parasailing,#00736c
Parchment,#d0c8b0
Parfait Pink,#e9c3cf
Paris Daisy,#fbeb50
Paris Green,#50c87c
Paris M,#312760
Paris White,#bfcdc0
Parisian Blue,#4f7ca4
Parisian Night,#323441
Parrot Green,#8db051
Parsley,#305d35
Parsnip,#d6c69a
Partridge,#725440
Passion Flower,#6d5698
Pastel Blue,#aec6cf
Pastel Brown,#836953
Pastel Gray,#cfcfc4
Pastel Green,#77dd77
Pastel Lavender,#d8a1c4
Pastel Lilac,#bdb0d0
Pastel Magenta,#f49ac2
Pastel Orange,#ffb347
Pastel Parchment,#e5d9d3
Pastel Pink,#dea5a4
Pastel Purple,#b39eb5
Pastel Red,#ff6961
Pastel Rose Tan,#e9d1bf
Pastel Turquoise,#99c5c4
Pastel Violet,#cb99c9
Pastel Yellow,#fdfd96
Pastry Shell,#bd8c66
Patina,#639283
Patina Green,#b9eab3
Patriarch,#800070
Patrician Purple,#6c4e79
Patriot Blue,#363756
Pattens Blue,#d3e5ef
Paua,#2a2551
Pavement,#524d50
Pavlova,#baab87
Payne's Gray,#404048
Peach,#ffcba4
Peach (Crayola),#ffcba7
Peach Amber,#fb9f93
Peach Beige,#d3a297
Peach Bloom,#d99b7c
Peach Blossom,#de8286
Peach Blush,#e4ccc6
Peach Bud,#fdb2ab
Peach Caramel,#c5733d
Peach Cobbler,#ffb181
Peach Cream,#fff0db
Peach Dust,#f0d8cc
Peach Echo,#f7786b
Peach Fuzz,#ffbe98
Peach Juice,#ffcfab
Peach Melba,#fbbdaf
Peach Nectar,#ffb59b
Peach Nougat,#e6af91
Peach Orange,#ffcc99
Peach Parfait,#f8bfa8
Peach Pearl,#ffb2a5
Peach Pink,#fa9a85
Peach Puff,#ffdab9
Peach Puree,#efcfba
Peach Quartz,#f5b895
Peach Schnapps,#ffdcd6
Peach Whip,#dbbeb7
Peach Yellow,#fadfad
Peaches N Cream,#f4a6a3
Peachskin,#dfb8b6
Peachy Keen,#e2bdb3
Peacoat,#2b2e43
Peacock Blue,#00a0b0
Peacock Green,#00a78b
Peanut,#7a4434
Peapod,#82b185
Pear,#d1e231
Pear Sorbet,#f3eac3
Pearl,#eae0c8
Pearl Aqua,#88d8c0
Pearl Blue,#b0b7be
Pearl Blush,#f4cec5
Pearl Bush,#ded1c6
Pearl Lusta,#eae1c8
Pearled Ivory,#f0dfcc
Pearly Purple,#b768a2
Peat,#766d52
Pebble,#cab698
Pecan Brown,#a36e51
Peeled Asparagus,#87a96b
Pelican,#c1bcac
Pelorous,#2599b2
Peony,#ed9ca8
Pepper Green,#007d60
Peppercorn,#6c5656
Peppermint,#d7e7d0
Perano,#acb9e8
Perfume,#c2a9db
Pericallis Hybrida,#904fef
Peridot,#e6e200
Periglacial Blue,#acb6b2
Periscope,#46444c
Periwinkle,#ccd5ff
Periwinkle Dust,#c5d0e6
Periwinkle Gray,#c3cde6
Periwinkle Tint,#d3ddd6
Persian Blue,#1c39bb
Persian Green,#00a693
Persian Indigo,#32127a
Persian Jewel,#6e81be
Persian Orange,#d99058
Persian Pink,#f77fbe
Persian Plum,#701c1c
Persian Red,#cc3333
Persian Rose,#fe28a2
Persian Violet,#8c8eb2
Persimmon,#ec5800
Persimmon Orange,#f47327
Peru,#cd853f
Peru Tan,#733d1f
Pesto,#7a7229
Petal Pink,#f2e2e0
Petit Four,#87c2d4
Petite Orchid,#da9790
Petrified Oak,#8d7960
Petunia,#4f3466
Pewter,#91a092
Peyote,#c5bbae
Phantom,#39373b
Phantom Green,#dce4d7
Pharlap,#826663
Pheasant,#c68463
Phlox,#df00ff
Phlox Pink,#ce5e9a
Phthalo Blue,#000f89
Phthalo Green,#123524
Picante,#8d3f2d
Picasso,#f8ea97
Picasso Lily,#634878
Pickled Bean,#6e4826
Pickled Beet,#4d233d
Pickled Bluewood,#314459
Picton Blue,#5ba0d0
Pig Pink,#fdd7e4
Pigeon,#a9afaa
Pigeon Post,#afbdd9
Piggy,#ef98aa
Piggy Pink,#fddde6
Pigment Indigo,#4d0082
Pika Yellow,#eee92d
Pine Bark,#827064
Pine Cone,#756556
Pine Glade,#bdc07e
Pine Green,#01796f
Pine Grove,#213631
Pine Tree,#2a2f23
Pineapple Slice,#e7d391
Pinecone,#61473b
Pineneedle,#334d41
Pink,#ffc0cb
Pink Carnation,#ed7a9e
Pink Dogwood,#f7d1d1
Pink Flambe,#d3507a
Pink Flamingo,#ff66ff
Pink Flare,#d8b4b6
Pink Icing,#eea0a6
Pink Lace,#f6ccd7
Pink Lady,#f3d7b6
Pink Lavender,#d9afca
Pink Lemonade,#ee6d8a
Pink Makeup,#fc80a5
Pink Mist,#e6bccd
Pink Nectar,#d8aab7
Pink Orchid,#da70d6
Pink Peacock,#c62168
Pink Pearl,#e7accf
Pink Salt,#f7cdc7
Pink Sand,#dfb19b
Pink Sherbet,#f780a1
Pink Swan,#bfb3b2
Pink Tint,#dbcbbd
Pink Yarrow,#ce3175
Pink-Orange,#ff9066
Piper,#9d5432
Pipi,#f5e6c4
Pippin,#fcdbd2
Piquant Green,#769358
Pirate Black,#363838
Pirate Gold,#ba782a
Pistachio,#93c572
Pistachio Green,#a9d39e
Pistachio Shell,#d7cfbb
Pixie Green,#bbcda5
Pizazz,#e57f3d
Pizza,#bf8d3c
Placid Blue,#8cadd3
Plantation,#3e594c
Platinum,#e5e4e2
Plaza Taupe,#aea393
Plein Air,#bfcad6
Plum,#942193
Plum (Traditional),#8e4785
Plum Caspia,#61224a
Plum Jam,#624076
Plum Juice,#dda0dd
Plum Kitten,#625b5c
Plum Perfect,#473442
Plum Pie,#8e4585
Plum Purple,#51304e
Plum Truffle,#675657
Plum Wine,#674550
Plume,#a5cfd5
Pohutukawa,#651c26
Poinciana,#ca3422
Poinsettia,#cb3441
Poisenous Green,#66fc00
Poison Green,#4db560
Polar,#e5f2e7
Polignac,#c28799
Polo Blue,#8aa7cc
Pomegranate,#f34723
Pompadour,#6a1f44
Pompeian Red,#a4292e
Ponderosa Pine,#203b3d
Pont Moss,#5f9228
Pool Blue,#67bcb3
Pool Green,#00af9d
Popcorn,#f8de8d
Poppy Red,#dc343b
Porcelain,#dddcdb
Porcelain Blue,#95c0cb
Porcelain Green,#108780
Porcelain Rose,#ea6b6a
Porcini,#cca580
Porpoise,#a7a19e
Porsche,#df9d5b
Port,#663336
Port Gore,#3b436c
Port Royale,#502b33
Portabella,#937b6a
Portafino,#f4f09b
Portage,#8b98d8
Portica,#f0d555
Portland Orange,#ff5a36
Poseidon,#123955
Post Yellow,#ffef00
Posy Green,#325b51
Pot Pourri,#efdcd4
Potent Purple,#462639
Potpourri,#e7c9ca
Potters Clay,#845c40
Potting Soil,#54392d
Pouder Pink,#fdd6e5
Powder Ash,#bcc9c2
Powder Blue,#b0e0e6
Powder Pink,#ecb2b3
Powder Puff,#f3e0d6
Prairie Sand,#883c32
Prairie Sunset,#ffbb9e
Praline,#ad8b75
Prelude,#cab4d4
Pressed Laser Lemon,#fefe22
Prim,#e2cdd5
Primrose,#e4de8e
Primrose Pink,#eed4d9
Primrose Yellow,#f6d155
Princess Blue,#00539c
Princeton Orange,#ff8f00
Prism Pink,#f0a1bf
Prism Violet,#53357d
Pristine,#f2e8da
Promenade,#f8f6df
Prosecco,#fad6a5
Provence,#658dc6
Provincial Blue,#5c798e
Provincial Pink,#f6e3da
Prune,#701c11
Prune Purple,#5c3a4d
Prunus Avium,#dd4492
Prussian Blue,#036
Psychedelic Purple,#dd00ff
Puce,#cc8899
Pueblo,#6e3326
Puerto Rico,#59baa3
Puffins Bill,#e95c20
Pumice,#bac0b4
Pumice Stone,#cac2b9
Pumpkin,#ff7518
Pumpkin Skin,#b1610b
Pumpkin Spice,#a05c17
Punch,#dc4333
Punga,#534931
Pure Cashmere,#ada396
Pureed Pumpkin,#c34121
Puritan Gray,#a8b0ae
Purple,#800080
Purple (Munsell),#9f00c5
Purple (X11),#a020f0
Purple Ash,#8f8395
Purple Corallite,#5a4e8f
Purple Dove,#98878c
Purple Gumdrop,#7a596f
Purple Haze,#807396
Purple Heart,#69359c
Purple Heather,#bab8d3
Purple Impression,#858fb1
Purple Magic,#663271
Purple Mountain's Majesty,#9678b6
Purple Mountains’ Majesty,#9d81ba
Purple Opulence,#60569a
Purple Orchid,#ad4d8c
Purple Passion,#683d62
Purple Pennant,#432c47
Purple Pizzazz,#fe4eda
Purple Plumeria,#473854
Purple Potion,#692746
Purple Rain,#7442c8
Purple Reign,#56456b
Purple Rose,#b09fca
Purple Sage,#75697e
Purple Sapphire,#6f4685
Purple Spot,#652dc1
Purple Taupe,#50404d
Purple Velvet,#41354d
Purple Wine,#8c3573
Pussywillow Gray,#aeaca1
Putty,#cdae70
Quail,#98868c
Quarry,#98a0a5
Quarter Pearl Lusta,#f2eddd
Quarter Spanish White,#ebe2d2
Quartz,#d9d9f3
Quartz Pink,#efa6aa
Quetzal Green,#006865
Quicksand,#c3988b
Quicksilver,#7e7d88
Quiet Gray,#b9babd
Quiet Green,#9ebc97
Quiet Harbor,#5a789a
Quiet Shade,#66676d
Quill Gray,#d6d6d1
Quill Grey,#cbc9c0
Quincy,#6a5445
Rabbit,#5f575c
Racing Green,#232f2c
Racing Red,#bd162c
Rackley,#5d8aaa
Radiant Orchid,#ad5e99
Radiant Yellow,#fc9e21
Radiation Carrot,#ffa343
Radical Red,#ff355e
Raffia,#dcc6a0
Rain Drum,#5f4c40
Rain Forest,#667028
Raindrops,#b1aab3
Rainee,#b3c1b1
Rainy Day,#cfc8bd
Raisin,#524144
Rajah,#fbab60
Rangitoto,#2e3222
Rangoon Green,#2b2e25
Rapture Rose,#d16277
Raspberry,#e30b5d
Raspberry Glace,#915f6c
Raspberry Jam,#ca3767
Raspberry Pink,#e25098
Raspberry Radiance,#802a50
Raspberry Rose,#b3446c
Raspberry Sorbet,#d2386c
Raspberry Wine,#b63753
Rattan,#d1b272
Raven,#6f747b
Raw Sienna,#d27d46
Raw Umber,#734a12
Rawhide,#865e49
Razzle Dazzle Rose,#ff33cc
Razzmatazz,#e30b5c
Razzmatazz Lips,#e3256b
Real Teal,#405d73
Rebecca Purple,#663399
Rebel,#453430
Red,#ff0000
Red Bean,#3d0c02
Red Beech,#7b3801
Red Berry,#701f28
Red Bud,#962d49
Red Clay,#c2452d
Red Dahlia,#7d2027
Red Damask,#cb6f4a
Red Devil,#860111
Red Devil's Lip,#662a2c
Red Mahogany,#60373d
Red Ochre,#913832
Red Orange,#ff3f34
Red Oxide,#5d1f1e
Red Pear,#7b3539
Red Pigment,#ed1c24
Red Plum,#7c2946
Red Ribbon,#ed0a3f
Red Riding Hood,#fe2712
Red Robin,#7d4138
Red Stage,#ad522e
Red Violet,#c0448f
Red-Brown,#a52a2f
Red-Orange,#ff5349
Red-Violet,#c71581
Redwood,#5b342e
Reed,#c3d3a8
Reed Yellow,#dcc99e
Reef,#d1ef9f
Reef Gold,#a98d36
Reef Waters,#6f9fa9
Reflecting Pond,#203e4a
Regal Blue,#203f58
Regal Orchid,#a98baf
Regalia,#522d80
Regatta,#487ab7
Regent Gray,#86949f
Regent Grey,#798488
Regent St Blue,#a0cdd9
Remy,#f6deda
Renaissance Rose,#865560
Reno Sand,#b26e33
Reseda,#a1ad92
Resolution Blue,#002387
Revolution Blue,#323f75
Revolver,#37363f
Rhapsody,#9f86aa
Rhino,#3d4653
Rhododendron,#722b3f
Rhubarb,#77202f
Rhythm,#767194
Ribbon Red,#b92636
Rice Cake,#efecde
Rice Flower,#eff5d1
Rich Black,#004040
Rich Blue,#5959ab
Rich Brilliant Lavender,#f1a7fe
Rich Carmine,#d70041
Rich Electric Blue,#0892d0
Rich Gold,#a15226
Rich Lavender,#a76bcf
Rich Lilac,#b666d2
Rich Maroon,#b0306a
Rifle Green,#414833
Rio Grande,#b7c61a
Rio Red,#8a2232
Ripe Lemon,#f4d81c
Ripe Melon,#febaad
Ripe Plum,#410056
Ripe Watermelon,#fd5b78
Riptide,#89d9c8
River Bed,#556061
River Blue,#38afcd
Riverside,#4c6a92
Riviera,#5879a2
Roan Rouge,#885157
Roasted Cashew,#918579
Roasted Pecan,#93592b
Roasted Sienna,#ea7e5d
Rob Roy,#ddad56
Robin's Egg Blue,#00cccc
Rock,#5a4d41
Rock Blue,#93a2ba
Rock Ridge,#918c86
Rock Spray,#9d442d
Rocky Road,#5a3e36
Rococco Red,#bb363f
Rodeo Dust,#c7a384
Roebuck,#b09080
Rolling Stone,#6d7876
Roman,#d8625b
Roman Coffee,#7d6757
Romance,#f4f0e6
Romantic,#ffc69e
Ronchi,#eab852
Roof Terracotta,#a14743
Rooibos Tea,#a23c26
Root Beer,#714a41
Rope,#8e593c
Rose,#ff007f
Rose Bonbon,#f9429e
Rose Brown,#80565b
Rose Bud,#feab9a
Rose Bud Cherry,#8a2d52
Rose Cloud,#dbb0a2
Rose Dawn,#c2877b
Rose Dust,#cdb2a5
Rose Ebony,#674846
Rose Fog,#e7bcb4
Rose Gold,#b76e79
Rose Hip,#fd0e35
Rose Madder,#e33636
Rose Of Sharon,#ac512d
Rose Pink,#ff66cc
Rose Quartz,#aa98a9
Rose Red,#c92351
Rose Shadow,#f9c2cd
Rose Smoke,#d3b4ad
Rose Tan,#d19c97
Rose Taupe,#905d5d
Rose Vale,#ab4e5f
Rose Violet,#c0428a
Rose Water,#f8e0e7
Rose White,#fbeee8
Rose Wine,#b57281
Rosebloom,#e290b2
Rosebud,#b65f9a
Rosette,#ce8e8b
Rosewater,#f6dbd8
Rosewood,#65000b
Rosin,#36362d
Rosso Corsa,#d40000
Rosy Brown,#bc8f8f
Roti,#b69642
Rouge,#a94064
Rouge Red,#e24666
Royal Azure,#0038a8
Royal Blue,#4169e1
Royal Blue (Traditional),#002366
Royal Fuchsia,#ca2c92
Royal Heath,#b54b73
Royal Lavender,#7851a9
Royal Lilac,#774d8e
Royal Navy Blue,#0066cc
Royal Purple,#6b3fa0
Royal Yellow,#fada50
Rubber,#815b37
Rubine Red,#d10056
Ruby,#e0115f
Ruby Red,#9b111e
Ruby Wine,#77333b
Ruddy,#ff0028
Ruddy Brown,#bb6528
Ruddy Pink,#e18e96
Rufous,#a81c07
Rugby Tan,#c2a594
Rum,#716675
Rum Raisin,#583432
Rum Swizzle,#f1edd4
Rumba Red,#7c2439
Russet,#80461b
Russet Brown,#743332
Russet Orange,#e47127
Russett,#7d655c
Rust,#b7410e
Rustic Brown,#855141
Rustic Red,#3a181a
Rusty Nail,#8d5f2c
Rusty Red,#da2c43
Rutabaga,#ecddbe
Sable,#6e403c
Sachet Pink,#f18aad
Sacramento State Green,#00563f
Saddle,#5d4e46
Saddle Brown,#8b4513
Safari,#baaa91
Safety Orange,#ff6600
Safety Orange (Blaze Orange),#ff6700
Saffron,#f4c430
Saffron Mango,#f9bf58
Sage,#989f7a
Sage Green,#b2ac88
Sagebrush Green,#567572
Sahara,#b79826
Sahara Sand,#f1e788
Sahara Sun,#dfc08a
Sail,#a5ceec
Sailor Blue,#0e3a53
Salem,#177b4d
Salmon,#ff8c69
Salmon Buff,#feaa7b
Salmon Pink,#ff91a4
Salmon Rose,#ff8d94
Salmon Sashimi,#ff7e79
Salmon Tartare,#ff9baa
Salomie,#ffd67b
Salsa,#aa182b
Salt Box,#696268
Saltpan,#eef3e5
Salute,#282b34
Samba,#a2242f
Sambuca,#3b2e25
Samoan Sun,#fbc85f
San Felix,#2c6e31
San Juan,#445761
San Marino,#4e6c9d
Sand,#c2b2f0
Sand Dollar,#decdbe
Sand Dune,#96711c
Sand Verbena,#9f90c1
Sandal,#a3876a
Sandrift,#af937d
Sandshell,#d8ccbb
Sandstone,#786d5f
Sandstorm,#ecd540
Sandwisp,#decb81
Sandy Beach,#fedbb7
Sandy Brown,#f4a460
Sandy Taupe,#967111
Sangria,#92000a
Sanguine Brown,#6c3736
Santa Fe,#b16d52
Santas Gray,#9fa0b1
Santas Grey,#9998a7
Sante Fe,#a96a50
Sap Green,#507d2a
Sapling,#e1d5a6
Sapphire,#0f52ba
Sapphire Blue,#0067bc
Saratoga,#555b2c
Sargasso Sea,#35435a
Sassafras,#54353b
Satellite,#9f8d89
Satin Linen,#e6e4d4
Satin Sheen Gold,#cba135
Saturated Sky,#4b4cfc
Sauterne,#c5a253
Sauvignon,#f4eae4
Saxony Blue,#1f6680
Sazerac,#f5dec4
Scallop Shell,#fbd8c9
Scampi,#6f63a0
Scandal,#add9d1
Scarab,#23312d
Scarlet,#ff2400
Scarlet Gum,#4a2d57
Scarlet Ibis,#f45520
Scarlet Sage,#9d202f
Scarlett,#7e2530
Scarpa Flow,#6b6a6c
Schist,#87876f
School Bus Yellow,#ffd800
Schooner,#8d8478
Science Blue,#0076cc
Scooter,#308ea0
Scorpion,#6a6466
Scotch Mist,#eee7c8
Screamin' Green,#66ff66
Scrub,#3d4031
Scuba Blue,#00abc0
Sea Angel,#98bfca
Sea Blue,#006994
Sea Buckthorn,#ef9548
Sea Foam,#00fa92
Sea Fog,#dfddd6
Sea Green,#2e8b57
Sea Mist,#c2d5c4
Sea Moss,#254445
Sea Nymph,#8aaea4
Sea Pine,#4c6969
Sea Pink,#db817e
Sea Salt,#f1e6de
Sea Spray,#717e6f
Sea Turtle,#5e5749
Seacrest,#bfd1b3
Seafoam Green,#cbd5b1
Seagrass,#959889
Seagull,#77b7d0
Seal Brown,#321414
Seance,#69326e
Seaport,#005e7d
Seashell,#fff5ee
Seashell Peach,#fff6de
Seashell Pink,#f7c8c2
Seaweed,#37412a
Sedona Sage,#686d6c
Seedling,#c0cba1
Seedpearl,#e6dac4
Selago,#e6dfe7
Selective Yellow,#ffba00
Semi-Sweet Chocolate,#6b4226
Semolina,#ceb899
Seneca Rock,#9a927f
Sepia,#704214
Sepia Black,#2b0202
Sepia Rose,#d4bab6
Sepia Skin,#9f5c42
Sepia Tint,#897560
Sequoia,#804839
Serenade,#fce9d7
Serenity,#91a8d0
Sesame,#baa38b
Shaded Spruce,#00585e
Shadow,#837050
Shadow Gray,#bba5a0
Shadow Green,#9ac0b6
Shadow Lime,#cfe09d
Shadow Purple,#4e334e
Shadow Woods,#8a795d
Shady Glade,#006e5b
Shady Lady,#9f9b9d
Shakespeare,#609ab8
Shale,#4a3f41
Shale Green,#739072
Shalimar,#f8f6a8
Shamrock,#45cea2
Shamrock Green,#009e60
Shark,#34363a
Sharkskin,#838487
Sharp Green,#c6ec7a
Shaved Chocolate,#543b35
Sheepskin,#dab58f
Sheer Lilac,#b793c0
Sheer Pink,#f6e5db
Shell,#e1cfc6
Shell Coral,#ea9575
Shell Pink,#f88180
Sherpa Blue,#00494e
Sherwood Green,#1b4636
Shifting Sand,#d8c0ad
Shilo,#e6b2a6
Shingle Fawn,#745937
Ship Cove,#7988ab
Ship Gray,#3e3a44
Shiraz,#842833
Shitake,#736253
Shocking,#e899be
Shocking Pink,#fc0fc0
Shocking Pink (Crayola),#ff6ffc
Shopping Bag,#5a4743
Shrimp,#e29a86
Shrinking Violet,#f4e1e6
Shuttle Gray,#5f6672
Shuttle Grey,#61666b
Siam,#686b50
Sicilia Bougainvillea,#ff44ff
Sidecar,#e9d9a9
Sienna,#a0522d
Sierra,#985c41
Silk,#bbada1
Silky Pink,#ffddf4
Silt Green,#a9bdb1
Silver,#c0c0c0
Silver Birch,#d2cfc4
Silver Blue,#8a9a9a
Silver Bullet,#cdc5c2
Silver Chalice,#acaea9
Silver Cloud,#beb7b0
Silver Fern,#bbaa7e
Silver Filigree,#7f7c81
Silver Gray,#c1b7b0
Silver Green,#d7d7c7
Silver Lake Blue,#618bb9
Silver Lining,#bdb6ab
Silver Medal,#d6d6d6
Silver Mink,#9f8d7c
Silver Peony,#e7cfc7
Silver Pine,#4e6866
Silver Pink,#dcb1af
Silver Rust,#c9a0df
Silver Sage,#938b78
Silver Sand,#bebdb6
Silver Sconce,#a19fa5
Silver Tree,#67be90
Simply Green,#009b75
Simply Taupe,#ad9f93
Sinbad,#a6d5d0
Sinopia,#cb410b
Siren,#69293b
Sirocco,#68766e
Sisal,#c5baa0
Skeptic,#9db4aa
Ski Patrol,#bb1237
Skipper Blue,#484a72
Skobeloff,#007474
Sky,#76d6ff
Sky Blue,#80daeb
Sky Captain,#262934
Sky Gray,#bcc8c6
Sky Magenta,#cf71af
Skydiver,#00589b
Skylight,#c8e0e0
Skyway,#adbed3
Slate,#8c9fa1
Slate Black,#4b3d33
Slate Blue,#6a5acd
Slate Gray,#708090
Slate Green,#a0987c
Slate Rose,#b45865
Sleet,#92949b
Slimy Green,#7ded17
Slugger,#42342b
Smalt,#003399
Smalt Blue,#496267
Smoke,#bfc8c3
Smoke Blue,#6d8994
Smoke Gray,#cebaa8
Smoke Green,#a8bba2
Smoke Pine,#3e6257
Smoke Tree,#bb5f34
Smoked Paprika,#6e362c
Smoked Pearl,#656466
Smoked Salmon,#fa8072
Smokey Quartz,#51484f
Smokey Topaz,#933d41
Smoky,#605d6b
Smoky Black,#100c08
Smoky Grape,#b88aac
Snapdragon,#fed777
Snorkel Blue,#034f84
Snow,#fffafa
Snow Drift,#e3e3dc
Snow Flurry,#eaf7c9
Snow White,#eeffee
Snowy Mint,#d6f0cd
Snuff,#e4d7e5
Soapstone,#ece5da
Sodalite Blue,#253668
Soft Amber,#cfbea5
Soft Peach,#eedfde
Soft Pink,#f2d8cd
Solar Power,#f4bf3a
Solid Pink,#85494c
Solitaire,#eadac2
Solitude,#e9ecf1
Soothing Sea,#c3e9e4
Sorbus,#dd6b38
Sorrell Brown,#9d7f61
Sour Dough,#c9b59a
Southern Moss,#bca66a
Soya Bean,#6f634b
Soybean,#d2c29d
Spa Blue,#d3dedf
Space Shuttle,#4b433b
Spanish Green,#7b8976
Spanish Villa,#dfbaa9
Spanish White,#ded1b7
Sparkling Grape,#773376
Sparrow,#69595c
Spearmint,#64bfa4
Spectra,#375d4f
Spectra Green,#009b8c
Spectra Yellow,#f7b718
Spectrum Blue,#3d3c7c
Sphinx,#ab9895
Spice,#6c4f3f
Spice Route,#b95b3f
Spiced Apple,#783937
Spiced Coral,#d75c5d
Spiced Plum,#6d4773
Spicy Mix,#8b5f4d
Spicy Mustard,#74640d
Spicy Orange,#d73c26
Spicy Pink,#ff1cae
Spinach Green,#909b4c
Spindle,#b3c4d8
Spindrift,#73fcd6
Spiro Disco Ball,#0fc0fc
Splash,#f1d79e
Split Pea,#9c9a40
Sponge,#a49775
Spray,#7ecddd
Spray Green,#aea692
Spring,#00f900
Spring Bouquet,#6dce87
Spring Bud,#a7fc00
Spring Crocus,#ba69a1
Spring Green,#00ff7c
Spring Leaves,#578363
Spring Rain,#a3bd9c
Spring Sun,#f1f1c6
Spring Wood,#e9e1d9
Sprout,#b8ca9d
Sprout Green,#cbd7d2
Spruce Yellow,#be8a4a
Sprucestone,#9fc09c
Spun Pearl,#a2a1ac
Squirrel,#8f7d6b
St Tropaz,#325482
St. Patrick's Blue,#23297a
Stack,#858885
Star Dust,#a0a197
Star Sapphire,#386192
Star White,#efefe8
Starfish,#b09a77
Stargazer,#39505c
Stark White,#d2c6b6
Starlight Blue,#b5ced4
Starship,#e3dd39
Steel,#797979
Steel Blue,#4682b4
Steel Gray,#43464b
Steeple Gray,#827e7c
Stellar,#46647e
Sterling Blue,#a2b9c2
Stil De Grain Yellow,#fadb5e
Stiletto,#833d3e
Still Fuchsia,#c154c0
Stillwater,#70a4b0
Stizza,#900910
Stone Blue,#829ca5
Stone Gray,#685e4f
Stone Green,#658e67
Stonewall,#807661
Stonewash,#74809a
Storm,#035453
Storm Blue,#47788a
Storm Dust,#65645f
Storm Front,#787376
Storm Gray,#717486
Storm Grey,#747880
Stormcloud,#4f666a
Stormy Blue,#ace5ee
Stormy Sea,#6e8082
Stormy Weather,#58646d
Stratos,#000741
Stratosphere,#9ec1cc
Straw,#e4d96f
Strawberry,#ff2f92
Strawberry Cream,#f4c3c4
Strawberry Ice,#e78b90
Strawberry Pink,#f57f8e
Strawberry Shake,#f78fa7
Stretch Limo,#2b2c30
Strikemaster,#946a81
Striking Purple,#944e87
String,#aa9f96
Stromboli,#406356
Strong Blue,#1f5da0
Stucco,#a58d7f
Studio,#724aa1
Submarine,#8c9c9c
Subtle Green,#b5cbbb
Sudan Brown,#ac6b29
Sugar Almond,#935529
Sugar Cane,#eeefdf
Sugar Coral,#f56c73
Sugar Swizzle,#f3eee7
Sulphur,#ddb614
Sulphur Spring,#d5d717
Sulu,#c6ea80
Summer Fig,#be4b3b
Summer Green,#8fb69c
Summer Melon,#ead3ae
Summer Orange,#ffb653
Summer Shower,#e5ebe3
Summer Sky,#38b0de
Sun,#ef8e38
Sun Baked,#d27f63
Sun Dried Tomato,#752329
Sun Kiss,#ebd1bb
Sun Orange,#f48037
Sunburn,#b37256
Sunburst,#f6c289
Sundance,#c4aa4d
Sundown,#f8afa9
Sundress,#ebcf89
Sunflower,#dac01a
Sunglo,#c76155
Sunglow,#ffcc33
Sunglow Geko,#ffcf48
Sunken Battleship,#51574f
Sunkist Coral,#ea6676
Sunlight,#edd59e
Sunlit Allium,#9787bb
Sunny Lime,#dfef87
Sunset,#c0514a
Sunset Gold,#f7c46c
Sunset Orange,#fd5e53
Sunset Pink,#fad6e5
Sunset Purple,#6f456e
Sunshade,#fa9d49
Sunshine,#fade85
Super Lemon,#e4bf45
Super Man Red,#ff1122
Super Pink,#ce6ba4
Supernova,#ffb437
Surf,#b8d4bb
Surf Crest,#c3d6bd
Surf Spray,#b4c8c2
Surf The Web,#203c7f
Surfie Green,#007b77
Sushi,#7c9f2f
Suva Gray,#888387
Suva Grey,#8b8685
Swamp,#252f2f
Swamp Green,#acb78e
Swans Down,#dae6dd
Swedish Blue,#007eb1
Sweet Corn,#f9e176
Sweet Cream,#f0eae7
Sweet Grape,#4b3b4f
Sweet Lavender,#9a9bc1
Sweet Lilac,#e8b5ce
Sweet Pea,#a3a969
Sweet Pink,#ee918d
Swirl,#d7cec5
Swiss Cheese,#fff4b9
Swiss Coffee,#dbd0ca
Swiss Lilac,#86608e
Sycamore,#908d39
Sylvan Green,#e7eacb
Synthetic Pumpkin,#ff7538
Syrah,#6a282c
Tabasco,#a02712
Tacao,#f6ae78
Tacha,#d2b960
Taffy,#c39b6a
Tahiti Gold,#dc722a
Tahitian Tide,#006b7e
Tahuna Sands,#d8cc9b
Tall Poppy,#853534
Tallow,#a39977
Tamarillo,#752b2f
Tamarind,#341515
Tan,#d2b48c
Tan Hide,#fa9d5a
Tana,#b8b5a1
Tanager Turquoise,#91dce8
Tandori Spice,#9f4440
Tangaroa,#1e2f3c
Tangelo,#f94d00
Tangerine,#ff9300
Tangerine Cream,#ffa089
Tangerine Skin,#f28500
Tangerine Tango,#dd4124
Tangerine Yellow,#ffcc00
Tango,#d46f31
Tango Pink,#e47f7a
Tango Red,#ac0e2e
Tannin,#a68a6d
Taos Taupe,#bfa77f
Tap Shoe,#2a2b2d
Tapa,#7c7c72
Tapenade,#805d24
Tapestry,#b37084
Tapioca,#dccdbc
Tara,#def1dd
Tarawera,#253c48
Tarmac,#5a5348
Tarragon,#a4ae77
Tasman,#bac0b3
Taupe,#483c41
Taupe Gray,#8b8589
Tawny Birch,#ae856c
Tawny Brown,#ab856f
Tawny Olive,#c4962c
Tawny Orange,#d37f6f
Tawny Port,#643a48
Tax Break,#496569
Te Papa Green,#2b4b40
Tea,#bfb5a2
Tea Green,#d0f0c0
Tea Rose,#f883c2
Tea Rose (Orange),#ff8379
Tea Rose (Rose),#f4c1c1
Teaberry,#dc3855
Teak,#ab8953
Teal,#008080
Teal Blue,#367588
Teal Green,#00827f
Telemagenta,#cf3476
Tempest,#79839b
Temptress,#3c2126
Tender Greens,#c5cfb6
Tender Peach,#f8d5b8
Tender Shoots,#b5cc39
Tender Yellow,#ededb7
Tendril,#89a06b
Tenné,#cd5700
Tequila,#f4d0a4
Terra Cotta,#e2725b
Texas,#ece67e
Texas Rose,#fcb057
Thai Curry,#ab6819
Thai Mango,#e77200
Thatch,#b1948f
Thatch Green,#544e31
Thistle,#d8bfd8
Thistle Down,#9499bb
Thistle Green,#cccaa8
Thrush,#936b4f
Thulian Pink,#df6fa1
Thunder,#4d4d4b
Thunderbird,#923830
Thyme,#50574c
Tia Maria,#97422d
Tiara,#b9c3be
Tiber,#184343
Tibetan Red,#782a39
Tibetan Stone,#82c2c7
Tickle Me Pink,#fc89ac
Tidal,#f0f590
Tidal Foam,#bfb9a3
Tide,#beb4ab
Tidepool,#0a6f69
Tiffany Blue,#0abab5
Tiger's Eye,#e08d3c
Tigerlily,#e2583e
Tigers Eye,#977c61
Tile Blue,#008491
Tillandsia Purple,#563474
Timber Green,#324336
Timber Wolf,#8d8070
Timberwolf,#d9d6cf
Tin,#919191
Tinsel,#c3964d
Tiramisu,#634235
Titan White,#ddd6e1
Titanium,#807d7f
Titanium Yellow,#eee600
Toadstool,#988088
Toast,#9f715f
Toasted Almond,#d2b49c
Toasted Coconut,#8b6a4f
Toasted Nut,#c08768
Tobacco Brown,#6d5843
Tobago,#44362d
Toffee,#755139
Tofu,#e8e3d9
Toledo,#3e2631
Tolopea,#2d2541
Tom Thumb,#4f6348
Tomato,#ff6347
Tomato Cream,#c57644
Tomato Puree,#c53346
Tonys Pink,#e79e88
Toolbox,#746cc0
Topaz,#ffc87c
Torch Red,#fd0d35
Torea Bay,#353d75
Toreador,#b61032
Tornado,#5e5b60
Tortoise Shell,#754734
Tory Blue,#374e88
Tosca,#744042
Total Eclipse,#2c313d
Totem Pole,#991b07
Tourmaline,#86a1a9
Tower Gray,#a9bdbf
Tower Grey,#9caca5
Toxic Latte,#e1f8e7
Toxic Orange,#ff6037
Tractor Red,#fd0f35
Tradewind,#6dafa7
Tradewinds,#7f8793
Tranquil,#ddede9
Transparent Yellow,#f4ecc2
Travertine,#e2ddc7
Tree House,#988c75
Tree Poppy,#e2813b
Treehouse,#3b2820
Treetop,#476a30
Trefoil,#47562f
Trekking Green,#355048
Trellis,#6a8988
Trendy Green,#7e8424
Trendy Pink,#805d80
Trinidad,#c54f33
Tristesse,#0c0c1f
Trolley Grey,#818181
Trooper,#697a7e
Tropical Blue,#aec9eb
Tropical Forest Green,#228b22
Tropical Green,#17806d
Tropical Peach,#ffc4b2
Tropical Rain Forest,#00755e
Trout,#4c5356
True Blue,#0073cf
True Navy,#3f5277
True Red,#bf1932
True V,#8e72c7
Trump Tan,#faa76c
Tuatara,#454642
Tuffet,#a59788
Tuft Bush,#f9d3be
Tufts Blue,#417dc1
Tulip Tree,#e3ac3d
Tulipwood,#805466
Tumbleweed,#deaa88
Tuna,#46494e
Tundora,#585452
Tungsten,#424242
Turbo,#f5cc23
Turbulence,#4e545b
Turf Green,#6f8c69
Turkish Coffee,#483f39
Turkish Rose,#a56e75
Turkish Sea,#195190
Turkish Tile,#00698b
Turkish Turquoise,#77dde7
Turmeric,#ae9041
Turquoise,#30d5c8
Turquoise Blue,#00ffef
Turquoise Green,#a0d6b4
Turquoise Sea,#6cdae7
Turtle Green,#363e1d
Turtledove,#ded7c8
Tuscan Red,#7c4848
Tuscany,#ad6242
Tusk,#e3e5b1
Tussock,#bf914b
Tutu,#f8e4e3
Twilight,#dac0cd
Twilight Blue,#f4f6ec
Twilight Lavender,#8a496b
Twilight Mauve,#8b6f70
Twilight Purple,#66648b
Twill,#a79b82
Twine,#c19156
Twist Of Lime,#4e632c
Tyrian Purple,#66023c
Ua Blue,#03a
Ua Red,#d9004c
Ube,#8878c3
Ucla Blue,#536895
Ucla Gold,#ffb300
Ufo Green,#3cd070
Ultra Pink,#f06fff
Ultra Violet,#7366bd
Ultramarine,#120a8f
Ultramarine Blue,#4166f5
Ultramarine Green,#006b54
Umber,#635147
Unbleached Silk,#ffddca
United Nations Blue,#5b92e5
University Of California Gold,#b78727
Unmellow Yellow,#ff6
Up Forest Green,#014420
Up Maroon,#7b1113
Upsdell Red,#ae2029
Urban Chic,#464e4d
Urobilin,#e1ad21
Usafa Blue,#004f98
Usc Cardinal,#90091f
Usc Gold,#ffcc01
Utah Crimson,#d3003f
Valencia,#d4574e
Valentino,#382c38
Valerian,#9f7a93
Valhalla,#2a2b41
Valiant Poppy,#bc322c
Vallarta Blue,#30658e
Van Cleef,#523936
Vanilla,#f3e5ab
Vanilla Cream,#f4d8c6
Vanilla Custard,#f3e0be
Vanilla Ice,#ebd2d1
Vanilla Seed,#ccb69b
Vapor Blue,#bebdbd
Vaporous Gray,#dfddd7
Varden,#fdefd3
Vegas Gold,#c5b358
Veiled Rose,#f8cdc9
Velvet Morning,#60688d
Venetian Red,#c80815
Venice Blue,#2c5778
Venus,#8b7d82
Verdant Green,#12674a
Verdigris,#43b3ae
Verdigris Foncé,#62603e
Verdun Green,#48531a
Vermicelle,#dabe82
Vermilion,#ff4d00
Vermilion (Cinnabar),#e34244
Vermilion (Plochere),#d9623b
Vermillion Orange,#f9633b
Veronica,#a020ff
Very Berry,#b73275
Very Dark Brown,#5c4033
Very Grape,#927288
Very Light Grey,#cdcdcd
Vesuvius,#a85533
Vetiver,#807d6f
Vibrant Green,#55a860
Vibrant Orange,#ff7420
Vibrant Yellow,#ffda29
Vicious Violet,#8f509d
Victoria,#564985
Victoria Blue,#08589d
Vida Loca,#549019
Viking,#4db1c8
Vin Rouge,#955264
Vineyard Green,#5f7355
Vineyard Wine,#58363d
Vintage Indigo,#4a556b
Vintage Khaki,#9a9186
Vintage Violet,#634f62
Viola,#c58f9d
Violent Violet,#7f00ff
Violet,#ee82ee
Violet Blue,#9f5f9f
Violet Eggplant,#991199
Violet Frog,#926eae
Violet Ice,#c2acb1
Violet Indigo,#3e285c
Violet Poison,#8601af
Violet Quartz,#8b4963
Violet Red,#f75394
Violet Storm,#5c619d
Violet Tulip,#9e91c3
Violet Tulle,#c193c0
Viridian,#40826d
Viridian Green,#4b5f56
Viridis,#00846b
Virtual Pink,#c6174e
Vis Vis,#f9e496
Vista Blue,#97d5b3
Vista White,#e3dfd9
Vivacious,#a32857
Vivid Auburn,#922724
Vivid Blue,#0088b0
Vivid Burgundy,#9f1d35
Vivid Cerise,#da1d81
Vivid Green,#009e82
Vivid Tangerine,#ff9980
Vivid Viola,#993c7c
Vivid Violet,#9f00ff
Volcanic Glass,#615c60
Volcano,#4e2728
Voodoo,#443240
Vulcan,#36383c
Wafer,#d4bbb1
Waikawa Gray,#5b6e91
Waiouru,#4c4e31
Walnut,#773f1a
Wan Blue,#cbdcdf
Wan White,#e4e2dc
Warm Apricot,#ffb865
Warm Black,#004242
Warm Olive,#c7b63c
Warm Sand,#c5ae91
Warm Taupe,#af9483
Wasabi,#849137
Water Leaf,#b6ecde
Water Lily,#dde3d5
Watercourse,#006e4e
Watercress,#748c69
Waterfall,#3ab0a2
Waterloo,#7b7c94
Waterspout,#a4f4f9
Wattle,#d6ca3d
Watusi,#f2cdbb
Wax Flower,#eeb39e
Wax Yellow,#ede9ad
We Peep,#fdd7d8
Wedgewood,#4c6b88
Weeping Willow,#b3b17b
Well Read,#8e3537
Wenge,#645452
West Coast,#5c512f
West Side,#e5823a
Westar,#d4cfc5
Wet Weather,#929090
Wewak,#f1919a
Wheat,#f5deb3
Wheatfield,#dfd7bd
Whiskey,#d29062
Whiskey Sour,#d4915d
Whisper,#efe6e6
Whisper Green,#e0e6d7
Whisper Pink,#dacbbe
Whisper White,#ede6db
Whispering Blue,#c9dcdc
White,#ffffff
White Alyssum,#efebe7
White Asparagus,#eceabe
White Edgar,#ededed
White Ice,#d7eee4
White Jade,#d4dbb2
White Lilac,#e7e5e8
White Linen,#eee7dc
White Nectar,#f8f6d8
White Pepper,#b6a893
White Pointer,#dad6cc
White Rock,#d4cfb4
White Sand,#dbd5d1
White Smoke,#f5f5f5
White Swan,#e4d7c5
Whitecap Gray,#e0d5c6
Wild Aster,#92316f
Wild Blue Yonder,#7a89b8
Wild Caribbean Green,#1cd3a2
Wild Chestnut,#bc5d58
Wild Dove,#8b8c89
Wild Ginger,#7c4c53
Wild Lime,#c3d363
Wild Orchid,#d979a2
Wild Rice,#e3d474
Wild Rose,#ce8498
Wild Sand,#e7e4de
Wild Strawberry,#ff3399
Wild Watermelon,#fc6c85
Wild Willow,#beca60
William,#53736f
Willow,#9a8b4f
Willow Bough,#59754d
Willow Brook,#dfe6cf
Willow Grove,#69755c
Willowherb,#8e4483
Wind Chime,#cac5c2
Windsor,#462c77
Windsor Wine,#582b36
Wine,#722f37
Wine Berry,#522c35
Wine Bottle Green,#254636
Wine Dregs,#673145
Wine Grape,#941751
Wineberry,#5a395b
Winetasting,#492a34
Winsome Orchid,#d4b9cb
Winter Bloom,#47243b
Winter Green,#4f9e81
Winter Hazel,#d0c383
Winter Moss,#5b5a41
Winter Pear,#b0b487
Winter Sky,#a9c0cb
Winter Twig,#948a7a
Winter Wheat,#dfc09f
Winter White,#f5ecd2
Wisp Pink,#f9e8e2
Wisteria,#cda4de
Wistful,#a29ecd
Wistful Mauve,#946c74
Witch Haze,#fbf073
Withered Rose,#a26666
Wood Ash,#d7cab0
Wood Bark,#302621
Wood Brown,#c19a13
Wood Charcoal,#464646
Wood Thrush,#a47d43
Wood Violet,#75406a
Woodbine,#7b7f32
Woodburn,#463629
Woodland,#626746
Woodrose,#ae8c8e
Woodrush,#45402b
Woodsmoke,#2b3230
Woody Brown,#554545
Wren,#4a4139
Wrought Iron,#999e98
Xanadu,#738678
Xanadu Dark,#75876e
Xenon Blue,#b7c0d7
Yale Blue,#0f4d92
Yam,#d0893f
Yarrow,#face6d
Yellow,#ffff00
Yellow Cream,#efdc75
Yellow Green,#c5e384
Yellow Iris,#eee78e
Yellow Metal,#73633e
Yellow Orange,#ffae42
Yellow Pear,#ece99b
Yellow Powder,#fcfd74
Yellow Sea,#f49f35
Yellow-Green,#9acd32
Yolk Yellow,#e2b051
York Pink,#d7837f
Young Apricot,#fdd9b5
Young Fern,#71bc78
Young Mahogany,#ca3435
Young Night,#232323
Young Redwood,#ab4e52
Young Tangerine,#ffa474
Young Wheat,#e1e3a9
Your Pink,#ffc5bb
Yucca,#a1d7c9
Yukon Gold,#826a21
Yuma,#c7b882
Zaffre,#0014a8
Zambezi,#6b5a5a
Zanah,#b2c6b1
Zen Blue,#9fa9be
Zephyr,#c89fa5
Zephyr Blue,#d3d9d1
Zephyr Green,#7cb083
Zest,#c6723b
Zeus,#3b3c38
Ziggurat,#81a6aa
Zinc,#92898a
Zinfandel,#5c2935
Zinnia,#ffa010
Zinnwaldite,#ebc2af
Zinnwaldite Brown,#2c1608
Zircon,#dee3e3
Zombie,#ddc283
Zorba,#a29589
Zuccini,#17462e
Zuerich Blue,#8080ff
Zumthor,#cdd5d5